{"type":"FeatureCollection","features":[{"type":"Feature","properties":{"name":"harlem","bbox":[-73.98165,40.74941,-73.90893,40.87896]},"geometry":{"type":"MultiPolygon","coordinates":[[[[-73.94007665725826,40.77292618617914],[-73.95254079336881,40.75709531453745],[-73.96158304969282,40.74941430105336],[-73.94007665725826,40.77292618617914]]],[[[-73.97623388799995,40.76567463100004],[-73.98164804599995,40.768436322000134],[-73.95817297099987,40.80058254100007],[-73.97110765876137,40.80579013958983],[-73.95015521048293,40.8343967594081],[-73.9469644175959,40.85046552581838],[-73.92648185718433,40.87761820301816],[-73.91154281116533,40.87325370616191],[-73.93491533578629,40.835230821938936],[-73.92927936741167,40.79585313952084],[-73.94354420706223,40.78288052416277],[-73.9557773589999,40.787913924000144],[-73.97623388799995,40.76567463100004]],[[-73.95722203099996,40.823225959000105],[-73.95708264299999,40.82320154800006],[-73.95694313493053,40.82318154900494],[-73.95722203099996,40.823225959000105]],[[-73.94997855399998,40.834433664000144],[-73.94985590499991,40.83445928700014],[-73.95015521048293,40.8343967594081],[-73.94997855399998,40.834433664000144]],[[-73.92537318199986,40.86258081400011],[-73.92474153399992,40.86159363800011],[-73.92601092899994,40.86357366500009],[-73.92537318199986,40.86258081400011]],[[-73.9252866269999,40.86012579700015],[-73.92541898499994,40.85995133100012],[-73.92517535599984,40.860309479000115],[-73.9252866269999,40.86012579700015]],[[-73.9259203249999,40.859501409000124],[-73.92629594899988,40.85928741400011],[-73.92646803499991,40.85917812400006],[-73.92629594799985,40.85928741400008],[-73.92611328799985,40.859380111000135],[-73.9259203249999,40.859501409000124]],[[-73.9266257519999,40.859053326000094],[-73.9268847099999,40.85876482900008],[-73.92698078699978,40.85860624100015],[-73.9266257519999,40.859053326000094]],[[-73.92563075899986,40.858177952000084],[-73.925465479,40.858142411000166],[-73.92580872967935,40.85819341997228],[-73.92563075899986,40.858177952000084]],[[-73.92679937899987,40.853717145000104],[-73.92769565799996,40.852487782000075],[-73.92703315699981,40.85220077500008],[-73.92679937899987,40.853717145000104]],[[-73.92747680599985,40.8506943700001],[-73.92842288,40.849745681000094],[-73.92858520000006,40.849638802000165],[-73.92747680599985,40.8506943700001]],[[-73.93116151799987,40.84774060100012],[-73.93139355399987,40.847428231000045],[-73.93088430099981,40.84811893800006],[-73.93116151799987,40.84774060100012]],[[-73.932186635,40.846343067000134],[-73.93224030199994,40.8462646030001],[-73.93210093699993,40.84645773000006],[-73.932186635,40.846343067000134]],[[-73.932325153,40.84615390100011],[-73.93277020499988,40.845541106000056],[-73.93315044200003,40.8450219430001],[-73.93323248499983,40.84490992200008],[-73.93371553899995,40.84424637500009],[-73.93421198500002,40.843568903000126],[-73.932325153,40.84615390100011]],[[-73.93514017499996,40.84231167400008],[-73.93556697199989,40.84171252800012],[-73.93467106399996,40.842957243000065],[-73.93514017499996,40.84231167400008]],[[-73.93561105199986,40.84160899500007],[-73.93561108599988,40.84160889600004],[-73.93556697199989,40.84171252800012],[-73.93561105199986,40.84160899500007]],[[-73.93563666199992,40.84150014000008],[-73.93564243699991,40.84138944600007],[-73.93563664999986,40.84150019500006],[-73.93563666199992,40.84150014000008]],[[-73.93564244899994,40.84138928300012],[-73.93564242499978,40.84138913000008],[-73.93564243699991,40.84138944600007],[-73.93564244899994,40.84138928300012]],[[-73.93529543300004,40.8404748180001],[-73.93519180599998,40.84033568800011],[-73.93543637099998,40.84075133100005],[-73.93529543300004,40.8404748180001]],[[-73.93519161699993,40.84033540000009],[-73.93510666600004,40.84018372700013],[-73.93519169999996,40.840335544000084],[-73.93519161699993,40.84033540000009]],[[-73.93504374499992,40.84002156700011],[-73.93504373300003,40.84002151300014],[-73.93504376899986,40.84002162100008],[-73.93504374499992,40.84002156700011]],[[-73.93500575400004,40.8398519110001],[-73.93500574300005,40.839851802000055],[-73.93500577799999,40.839852010000094],[-73.93500575400004,40.8398519110001]],[[-73.93533051999992,40.838875040000126],[-73.93533061499988,40.838874913000055],[-73.93521776599987,40.839015822000114],[-73.93533051999992,40.838875040000126]],[[-73.93638316899992,40.83785012500007],[-73.93702353999993,40.83646894700008],[-73.93738281099989,40.83569072900013],[-73.93638316899992,40.83785012500007]],[[-73.93849196799988,40.83384380000009],[-73.9391548789999,40.8332779930001],[-73.93840360699998,40.83390946300012],[-73.93849196799988,40.83384380000009]],[[-73.93927348599993,40.8331996490001],[-73.93927371099988,40.83319949600016],[-73.9391548789999,40.8332779930001],[-73.93927348599993,40.8331996490001]],[[-73.93927390099999,40.83319934300008],[-73.93938209499981,40.833110963000074],[-73.93927371099988,40.83319949600016],[-73.93927390099999,40.83319934300008]],[[-73.94007535699994,40.83206722800005],[-73.94016848499993,40.83195905600009],[-73.93967601899988,40.83268537100006],[-73.94007535699994,40.83206722800005]],[[-73.94034688799985,40.83159040500007],[-73.94037033300005,40.83133125400008],[-73.94034643301157,40.830457842428885],[-73.94034688799985,40.83159040500007]],[[-73.93474569399996,40.8360920940001],[-73.93479886299984,40.836110116000086],[-73.93479886313675,40.83611011570758],[-73.93474569399996,40.8360920940001]],[[-73.95496657099991,40.81006455500013],[-73.9549665712355,40.810064554676956],[-73.9535757779999,40.80947669800009],[-73.95496657099991,40.81006455500013]],[[-73.93679209299992,40.792403929000116],[-73.9367920929999,40.792403928000155],[-73.93555312799995,40.79184222600007],[-73.93679209299992,40.792403929000116]],[[-73.93519360499981,40.791797999000075],[-73.93529038099987,40.79187313700008],[-73.93542842699998,40.79199688000008],[-73.93519360499981,40.791797999000075]],[[-73.94509614599993,40.796763483000106],[-73.94509614699999,40.796763483000134],[-73.9449594289999,40.79670574100009],[-73.94509614599993,40.796763483000106]],[[-73.94287776099992,40.795821671000134],[-73.94287776199995,40.7958216710001],[-73.94275347999998,40.795770085000086],[-73.94287776099992,40.795821671000134]],[[-73.93924885699987,40.82829635100009],[-73.93968952899993,40.82765657400008],[-73.93896034899993,40.828986330000106],[-73.93924885699987,40.82829635100009]],[[-73.9616361359999,40.81793985100014],[-73.96181860199984,40.818023154000066],[-73.9618998499999,40.818047287000084],[-73.9616361359999,40.81793985100014]],[[-73.94955175300004,40.834410716000086],[-73.94941570599993,40.834358590000114],[-73.94957431799986,40.83441936200012],[-73.94955175300004,40.834410716000086]],[[-73.94068785199995,40.85131542400007],[-73.9404858699999,40.851312709000105],[-73.94068804199995,40.8513154240001],[-73.94068785199995,40.85131542400007]],[[-73.93736531799983,40.85064453000011],[-73.93666142799988,40.85044732600013],[-73.93828416699976,40.85090854600005],[-73.93736531799983,40.85064453000011]],[[-73.93423946399999,40.84862621100012],[-73.93284984899991,40.848038110000076],[-73.93547108199992,40.84914438300013],[-73.93423946399999,40.84862621100012]],[[-73.91366488699992,40.87150058500007],[-73.9140098549999,40.871160594000145],[-73.91334258899985,40.87175602800011],[-73.91366488699992,40.87150058500007]],[[-73.91267976599984,40.872291761000064],[-73.91206172199999,40.872806092000104],[-73.91334258899985,40.87175602800011],[-73.91267976599984,40.872291761000064]]],[[[-73.91378385370594,40.79383628548226],[-73.92448052280419,40.78232049064609],[-73.93598226003293,40.78394236805339],[-73.9261041024332,40.79073160731015],[-73.92549293546509,40.80195616882548],[-73.91378385370594,40.79383628548226]]],[[[-73.90949832099987,40.878776732000084],[-73.90893235220783,40.872157347985436],[-73.91578609320084,40.87571718248052],[-73.90949832099987,40.878776732000084]]],[[[-73.92363695289211,40.878815355932275],[-73.92362973975199,40.87896394312173],[-73.92359172576555,40.87895215916649],[-73.92363695289211,40.878815355932275]]]]}},{"type":"Feature","properties":{"name":"upper_west","bbox":[-73.99618,40.76764,-73.95817,40.80579]},"geometry":{"type":"Polygon","coordinates":[[[-73.98163412099991,40.76764472400008],[-73.99617945998676,40.773986954175975],[-73.97110765876137,40.80579013958983],[-73.95817297099987,40.80058254100007],[-73.98163412099991,40.76764472400008]],[[-73.98397150999992,40.7754292730001],[-73.98397150999982,40.775429274000125],[-73.98441202599994,40.77480807800005],[-73.98397150999992,40.7754292730001]],[[-73.98351422299999,40.781125390000106],[-73.98232616399993,40.7806237730001],[-73.98162787399998,40.78032893500012],[-73.98351422299999,40.781125390000106]],[[-73.97582955899989,40.798021997000134],[-73.97582955799997,40.798021997000134],[-73.97635598099994,40.798254021000126],[-73.97582955899989,40.798021997000134]],[[-73.97413148099996,40.797343788000106],[-73.97225661799988,40.79656086500008],[-73.97507069999986,40.797713350000066],[-73.97413148099996,40.797343788000106]],[[-73.96525997299999,40.792801371000074],[-73.96701396999998,40.7935599910001],[-73.96644741199998,40.79331495400008],[-73.96525997299999,40.792801371000074]]]}},{"type":"Feature","properties":{"name":"upper_east","bbox":[-73.98266,40.73494,-73.9376,40.78791]},"geometry":{"type":"MultiPolygon","coordinates":[[[[-73.94293043781381,40.77467626803597],[-73.9735447289197,40.73494432655092],[-73.98266497499989,40.73949733300006],[-73.97121971999988,40.74692154100014],[-73.9758346669999,40.74886314600016],[-73.96657146999985,40.76148188000015],[-73.97301487199995,40.764278879000095],[-73.9557773589999,40.787913924000144],[-73.94354420706223,40.78288052416277],[-73.94293043781381,40.77467626803597]],[[-73.96167816899991,40.76001396700009],[-73.9616877515018,40.7600005520005],[-73.96164363299995,40.760059592000104],[-73.96167816899991,40.76001396700009]],[[-73.96518524199982,40.751952307000145],[-73.96521537099989,40.75180846100011],[-73.96521537078924,40.751808461005524],[-73.96518524199982,40.751952307000145]],[[-73.96677887099986,40.7530187870001],[-73.96665543199994,40.753188785000184],[-73.96694827399996,40.75278548800013],[-73.96677887099986,40.7530187870001]],[[-73.96706733899993,40.752620676000106],[-73.9670673384422,40.75262067577223],[-73.96694827399996,40.75278548800013],[-73.96706733899993,40.752620676000106]]],[[[-73.96421230395671,40.74660431847685],[-73.96458702399427,40.74651589854479],[-73.96412514486158,40.74684576060552],[-73.96421230395671,40.74660431847685]]],[[[-73.93874423089268,40.78104387604248],[-73.93759894622616,40.780467840861604],[-73.93958378972465,40.77957647400733],[-73.93874423089268,40.78104387604248]]]]}},{"type":"Feature","properties":{"name":"midtown","bbox":[-74.0152,40.72182,-73.96657,40.77351]},"geometry":{"type":"MultiPolygon","coordinates":[[[[-74.00312206399995,40.726877128000105],[-74.0053098609999,40.72182419200006],[-74.01520426531131,40.72636194937984],[-74.01067264999996,40.72911266600007],[-74.00312206399995,40.726877128000105]]],[[[-73.97162697285862,40.72662845299862],[-74.01214813183589,40.743559301547755],[-73.99667705784736,40.7735100539424],[-73.96657146999985,40.76148188000015],[-73.9758346669999,40.74886314600016],[-73.97165740599984,40.74630369400014],[-73.98266497499989,40.73949733300006],[-73.97162697285862,40.72662845299862]],[[-73.98238628699993,40.731411244000114],[-73.98232282599996,40.7314978900001],[-73.98255629299985,40.73135013400007],[-73.98238628699993,40.731411244000114]],[[-73.98950498200001,40.767815382000066],[-73.98905077199991,40.76844009200012],[-73.98996382699985,40.7671874750001],[-73.98950498200001,40.767815382000066]],[[-73.98610406199981,40.762289953000064],[-73.98656138499996,40.761660122000116],[-73.98564677799999,40.76291487400008],[-73.98610406199981,40.762289953000064]],[[-73.98701514599995,40.76103736700009],[-73.98792640699999,40.75979027700006],[-73.98839044599993,40.759164186000156],[-73.98701514599995,40.76103736700009]],[[-73.98841835499992,40.75665498600009],[-73.98694873899993,40.7560359020001],[-73.98979085399995,40.757233132000096],[-73.98841835499992,40.75665498600009]],[[-73.98497775500003,40.74208895800012],[-73.98542767799994,40.741470349000075],[-73.98452636699996,40.74270704200009],[-73.98497775500003,40.74208895800012]],[[-74.00368344599993,40.748355000000124],[-74.00398963212112,40.74793461126713],[-74.0039029229999,40.74805366100005],[-74.00368344599993,40.748355000000124]],[[-74.00233168599986,40.750208258000114],[-74.00233168699992,40.750208258000086],[-74.002431475,40.75007275200009],[-74.00233168599986,40.750208258000114]],[[-73.99866067199993,40.755251762000086],[-73.9986606719999,40.7552517630001],[-73.99914292099987,40.75458493400006],[-73.99866067199993,40.755251762000086]],[[-73.99416492399986,40.7410309370001],[-73.99397071699987,40.741298439000104],[-73.99373928799994,40.74161720800007],[-73.99416492399986,40.7410309370001]],[[-73.99231888499988,40.74356832300009],[-73.99280340900002,40.74291002000015],[-73.99209982118921,40.74387024080659],[-73.99231888499988,40.74356832300009]],[[-73.98085054399985,40.747750370000105],[-73.98085054499998,40.74775037000015],[-73.98134068699997,40.74707866400012],[-73.98085054399985,40.747750370000105]],[[-73.983621411,40.74972377100014],[-73.98227490399981,40.75157729800004],[-73.9831741629998,40.75034221000009],[-73.983621411,40.74972377100014]],[[-73.98105323600001,40.733208482000144],[-73.980644989,40.733779320000096],[-73.98149910399985,40.732618596000115],[-73.98105323600001,40.733208482000144]],[[-73.97697379099985,40.75434867600012],[-73.97743259200001,40.75371708800006],[-73.9765156939999,40.75497426300013],[-73.97697379099985,40.75434867600012]],[[-73.97580739399986,40.75467727500013],[-73.97589877700003,40.754714223000086],[-73.97534377999993,40.7552996950001],[-73.97580739399986,40.75467727500013]],[[-73.97443866399978,40.7565563060001],[-73.97488727199989,40.75592379100011],[-73.97398183199975,40.75717975800013],[-73.97443866399978,40.7565563060001]],[[-73.98271205299996,40.756771229000115],[-73.98271205299979,40.75677122800011],[-73.98225528700006,40.75738736500015],[-73.98271205299996,40.756771229000115]]]]}},{"type":"Feature","properties":{"name":"downtown","bbox":[-74.04773,40.6848,-73.97163,40.74236]},"geometry":{"type":"MultiPolygon","coordinates":[[[[-74.026334042424,40.684801697724396],[-74.01175033086638,40.692316411412456],[-74.0151439102199,40.686437034043216],[-74.026334042424,40.684801697724396]]],[[[-74.04772962698515,40.689915318233304],[-74.04255372018648,40.68996275914495],[-74.04346752305135,40.689636990051895],[-74.04364078613705,40.688766559785186],[-74.04438521705612,40.68851617820168],[-74.04772962698515,40.689915318233304]]],[[[-74.04048062492674,40.70082061433523],[-74.0416605190741,40.696452971320056],[-74.04367371215382,40.69802040416518],[-74.04048062492674,40.70082061433523]]],[[[-73.97772119493052,40.710710074660874],[-74.01311303826309,40.69977416588544],[-74.01934155704531,40.706070538204216],[-74.0166941909593,40.718648843354586],[-74.00214891499996,40.7280353670001],[-74.014390699162,40.7284630477602],[-74.01211745872139,40.74175851621177],[-74.00869902299993,40.742361723000116],[-73.97569651100005,40.72847505300011],[-73.97162697285862,40.72662845299862],[-73.97772119493052,40.710710074660874]],[[-73.99936195599989,40.7080722870001],[-73.99928734399988,40.70801662700009],[-73.99928731099999,40.708016603000104],[-73.99936195599989,40.7080722870001]],[[-74.00512712599992,40.712306774000126],[-74.00527561999998,40.71224944000012],[-74.00498716699994,40.712374857000086],[-74.00512712599992,40.712306774000126]],[[-74.00543986508362,40.71207853297179],[-74.00543986599992,40.712078533000124],[-74.00573499299995,40.71197868800009],[-74.00543986508362,40.71207853297179]],[[-74.000191031,40.70873391200006],[-74.000123591,40.70868451900012],[-74.00022834898346,40.70876343100619],[-74.000191031,40.70873391200006]],[[-74.000123591,40.70868451900012],[-73.99981193899987,40.70844261400006],[-73.99956273399984,40.708236483000114],[-74.000123591,40.70868451900012]],[[-74.01496125199992,40.70475979700016],[-74.01496125199999,40.70475979800008],[-74.01516257,40.70480509500008],[-74.01496125199992,40.70475979700016]],[[-74.0146670989999,40.704647213000094],[-74.01466709799998,40.704647213000065],[-74.01478059499995,40.70467411300012],[-74.0146670989999,40.704647213000094]],[[-74.01250773999998,40.70676706600014],[-74.01250773999996,40.7067670670001],[-74.01325396399993,40.70587051400009],[-74.01250773999998,40.70676706600014]],[[-74.01187330299997,40.70655140600013],[-74.01187330299993,40.706551407000056],[-74.01240001199992,40.70678480800008],[-74.01187330299997,40.70655140600013]],[[-74.00907940599997,40.70416904300006],[-74.00945463899993,40.7045278570001],[-74.00898541299989,40.70407916000005],[-74.00907940599997,40.70416904300006]],[[-74.00797948599993,40.703188755000106],[-74.00782878499996,40.70308642200012],[-74.00854172499996,40.7036976120001],[-74.00797948599993,40.703188755000106]],[[-74.01565582200001,40.704882635000054],[-74.01587343541264,40.70488211425829],[-74.0156558220352,40.704882634000036],[-74.01565582200001,40.704882635000054]],[[-74.00705335899995,40.70987195100009],[-74.00478782699994,40.7084018930001],[-74.0090626473044,40.71088670364874],[-74.00705335899995,40.70987195100009]],[[-74.00738921499999,40.71164227000004],[-74.00746749399993,40.71156690300008],[-74.00698584099997,40.71173749900006],[-74.00738921499999,40.71164227000004]],[[-74.00372234899996,40.70693234400008],[-74.00360537999994,40.706780593000104],[-74.00392127499991,40.70723974500012],[-74.00372234899996,40.70693234400008]],[[-74.00316110499998,40.70623201400013],[-74.00306957,40.70614280300009],[-74.00360537999994,40.706780593000104],[-74.00316110499998,40.70623201400013]],[[-74.00299474599991,40.70608024600011],[-74.00295417200002,40.706027115000126],[-74.00296019099989,40.706034998000135],[-74.00299474599991,40.70608024600011]],[[-74.01662217899997,40.70509448300012],[-74.016622178,40.705094483000096],[-74.01640305499988,40.70566620200009],[-74.01662217899997,40.70509448300012]],[[-74.0142689369999,40.71146781600011],[-74.01426893599994,40.711467816000116],[-74.01417753399997,40.71188266600016],[-74.0142689369999,40.71146781600011]],[[-74.01404744599986,40.71243781500013],[-74.01375388499997,40.71369055500006],[-74.01417753399997,40.71188266600016],[-74.01404744599986,40.71243781500013]],[[-74.01270167899996,40.71909177500005],[-74.01244109299991,40.7190576730001],[-74.01281566799992,40.71735629800005],[-74.01270167899996,40.71909177500005]],[[-74.01286663199994,40.71717610100013],[-74.0130514639999,40.71645477100009],[-74.01281566799992,40.71735629800005],[-74.01286663199994,40.71717610100013]],[[-74.01323384899992,40.715656188000054],[-74.01314862399995,40.71602935000008],[-74.0130514639999,40.71645477100009],[-74.01323384899992,40.715656188000054]],[[-73.99260322299988,40.724136450000124],[-73.99260322199994,40.724136450000074],[-73.99257987399992,40.724201555000114],[-73.99260322299988,40.724136450000124]],[[-73.99225369299995,40.712354326000074],[-73.99226747499985,40.712467557000096],[-73.99224319399994,40.71226805500005],[-73.99225369299995,40.712354326000074]],[[-73.99220577799984,40.7119606350001],[-73.99221855999997,40.712065655000096],[-73.99218322399993,40.711775311000125],[-73.99220577799984,40.7119606350001]],[[-73.99075515366034,40.71455407290541],[-73.99075515399984,40.714554073000045],[-73.99122551100001,40.71448664400011],[-73.99075515366034,40.71455407290541]],[[-73.99352297999984,40.72163169300008],[-73.99325915400001,40.72235331000016],[-73.99379527399988,40.7209364430001],[-73.99352297999984,40.72163169300008]],[[-73.99093053599996,40.7291422960001],[-73.99112256699988,40.728567966000135],[-73.99075728499993,40.72974083100011],[-73.99093053599996,40.7291422960001]],[[-73.97805542899995,40.7293830860001],[-73.97899862099985,40.7281057470001],[-73.979469131,40.72746767700006],[-73.97990650199998,40.72686577300006],[-73.97805542899995,40.7293830860001]],[[-73.99581237099986,40.72918053300009],[-73.9958123719999,40.729180533000125],[-73.99506103499998,40.728810772000074],[-73.99581237099986,40.72918053300009]],[[-73.99780442999989,40.73603215800007],[-73.99734132799996,40.736667889000124],[-73.99827418999986,40.735391140000054],[-73.99780442999989,40.73603215800007]]]]}},{"type":"Feature","properties":{"name":"north_brooklyn","bbox":[-74.01218,40.59661,-73.85568,40.73889]},"geometry":{"type":"MultiPolygon","coordinates":[[[[-73.96803868499985,40.63665098500013],[-73.99692689899985,40.66437491500012],[-74.00783293766679,40.68738505516295],[-73.99456978950866,40.70437626401671],[-73.99094755350794,40.704032442139386],[-73.97834474852871,40.70599996498781],[-73.97573541084542,40.699570447705774],[-73.96948655218084,40.70051906125837],[-73.97462966604415,40.70768106076838],[-73.96751516691086,40.703437356878325],[-73.96729652521331,40.71831181417375],[-73.95794183489491,40.72464920270006],[-73.96408821900232,40.73291909954524],[-73.9569300286511,40.73888707307175],[-73.92924333948385,40.72739794231883],[-73.92457948088894,40.719162523334894],[-73.93219753146339,40.714972107490524],[-73.93328349320237,40.71097870745808],[-73.92363989262059,40.71732065749353],[-73.89646625099994,40.68233642200008],[-73.86891704399994,40.69515042300006],[-73.85568461199988,40.66386749200013],[-73.86327623068586,40.656941215328295],[-73.85716978298206,40.64367855888616],[-73.86548637000524,40.63876518348182],[-73.86867282895082,40.640925079203555],[-73.87061492461066,40.64485674188693],[-73.87971979034292,40.654375929776556],[-73.86799709668125,40.638115265209784],[-73.87320347198327,40.636311612776616],[-73.89354677099988,40.65520271400007],[-73.90398200599991,40.646628568000075],[-73.90944846399994,40.65152159900011],[-73.89880698499995,40.65740666200008],[-73.90347422300006,40.675506683000066],[-73.93068465499985,40.66362047700013],[-73.92799465199988,40.656802101000075],[-73.9587078989999,40.6503872730001],[-73.9536000469999,40.63842234700013],[-73.94537272499997,40.638786955000064],[-73.94415535299991,40.62950828500008],[-73.97623453700001,40.625976350000094],[-73.96803868499985,40.63665098500013]],[[-73.96306232099985,40.662253372000144],[-73.96307724199983,40.66213019500007],[-73.96306230799985,40.6622534620001],[-73.96306232099985,40.662253372000144]],[[-73.96244465949985,40.65831546400004],[-73.96190028499997,40.65487096200012],[-73.96281137499982,40.66048727900012],[-73.96244465949985,40.65831546400004]],[[-73.96414422599983,40.65399426500011],[-73.96621321999996,40.65318940500009],[-73.96190028499997,40.65487096200012],[-73.96414422599983,40.65399426500011]],[[-73.9652410359999,40.65174204700009],[-73.96465438699984,40.65088772800012],[-73.96575121499994,40.65249922900015],[-73.9652410359999,40.65174204700009]],[[-73.9631432779999,40.67186010900009],[-73.96314327899981,40.67186010900015],[-73.96258784899996,40.67171159700008],[-73.9631432779999,40.67186010900009]],[[-73.97155930399998,40.648822829000075],[-73.97155930399988,40.64882282800011],[-73.97139631700004,40.648257786000066],[-73.97155930399998,40.648822829000075]],[[-73.97210978599996,40.650664144000096],[-73.97234114899992,40.65065904800014],[-73.9719089039999,40.650051410000124],[-73.97210978599996,40.650664144000096]],[[-73.99808645299991,40.69053507800005],[-73.99776924399993,40.691194698000146],[-73.99841229299983,40.689856088000134],[-73.99808645299991,40.69053507800005]],[[-73.98223034199995,40.66214149300012],[-73.982230342,40.66214149200014],[-73.98017161099993,40.661154658000115],[-73.98223034199995,40.66214149300012]],[[-73.96883836699993,40.67296491400009],[-73.96865541400003,40.67302383900012],[-73.96892332199981,40.67293755300009],[-73.96883836699993,40.67296491400009]],[[-73.97984227599983,40.66072741400015],[-73.9798419799999,40.660727450000046],[-73.97984261899994,40.660727441000155],[-73.97984227599983,40.66072741400015]],[[-73.97379189999987,40.65639232300008],[-73.97355493999991,40.65564393900011],[-73.97404458299991,40.65734725300015],[-73.97379189999987,40.65639232300008]],[[-73.97305103699992,40.65391250600007],[-73.97268288599984,40.65263927800008],[-73.97326628099982,40.65464926100004],[-73.97305103699992,40.65391250600007]],[[-73.98570017199982,40.67397483300006],[-73.98670905399989,40.67276673300008],[-73.98622500899995,40.67334636500007],[-73.98570017199982,40.67397483300006]],[[-73.96899918499997,40.67471277600007],[-73.96891162400006,40.674563055000114],[-73.9690773179999,40.67483967100013],[-73.96899918499997,40.67471277600007]],[[-74.00225222099995,40.681893212000105],[-74.00225221999995,40.68189321200011],[-74.002204589,40.68199132400015],[-74.00225222099995,40.681893212000105]],[[-74.0006473809999,40.6852539470001],[-74.00128182399993,40.6839096400001],[-73.99969626699995,40.6871980340001],[-74.0006473809999,40.6852539470001]],[[-73.99963768399985,40.68731476800014],[-73.99937882999994,40.68785319300015],[-73.99969626699995,40.6871980340001],[-73.99963768399985,40.68731476800014]],[[-73.99470923300002,40.70299388600011],[-73.99490815999987,40.703047341000094],[-73.9944400939999,40.70290927000016],[-73.99470923300002,40.70299388600011]],[[-73.99286016199979,40.70220276700011],[-73.99325388199995,40.70241197100009],[-73.99261204999985,40.7020611290001],[-73.99286016199979,40.70220276700011]],[[-73.98881846899985,40.700711919000156],[-73.98972975399985,40.70073504400007],[-73.98866705299986,40.70070499700014],[-73.98881846899985,40.700711919000156]],[[-73.98679382899992,40.70063322300012],[-73.98679382799996,40.700633223000146],[-73.98692304599989,40.70063356300008],[-73.98679382899992,40.70063322300012]],[[-73.98615984999995,40.69847850400012],[-73.98696892299994,40.698503614000145],[-73.98584009799997,40.698457600000054],[-73.98615984999995,40.69847850400012]],[[-73.98314891699982,40.69838165800011],[-73.98399562199991,40.69841397100011],[-73.98305147099988,40.698377934000106],[-73.98314891699982,40.69838165800011]],[[-73.98305797599978,40.69829607700014],[-73.98308795504424,40.697919099311],[-73.98305147099988,40.698377934000106],[-73.98305797599978,40.69829607700014]],[[-73.98227354299996,40.69750630100011],[-73.98308363530077,40.69754059101691],[-73.98220717397345,40.69750349097355],[-73.98227354299996,40.69750630100011]],[[-73.97578275800007,40.698047730000056],[-73.97478615599996,40.698004553000125],[-73.97519315199986,40.69802218700014],[-73.97578275800007,40.698047730000056]],[[-73.97178445299986,40.69788266400016],[-73.97076190899996,40.69783928400008],[-73.97120281199977,40.69785799000012],[-73.97178445299986,40.69788266400016]],[[-73.98147568199991,40.68993094400006],[-73.98276720099986,40.68998648100013],[-73.98313467299995,40.6900022770001],[-73.98147568199991,40.68993094400006]],[[-73.97921799199985,40.69362565100008],[-73.97921799199992,40.693625652000044],[-73.97921806199986,40.69362583100014],[-73.97921799199985,40.69362565100008]],[[-73.97961635799989,40.694115502000095],[-73.9794907449999,40.6940071390001],[-73.97949067374927,40.694007080259105],[-73.97949074499996,40.69400714000006],[-73.97961626399982,40.694115422000046],[-73.97961635799989,40.694115502000095]],[[-73.96906202000002,40.6841573610001],[-73.96867398509507,40.68208599350818],[-73.96867398499984,40.68208599400008],[-73.96906202000002,40.6841573610001]],[[-73.99097186899994,40.69254880000013],[-73.99097187,40.69254880000012],[-73.99066626299994,40.692497177000085],[-73.99097186899994,40.69254880000013]],[[-73.99045286499987,40.693720584000125],[-73.99045286599994,40.693720584000125],[-73.99058794499989,40.69339137900012],[-73.99045286499987,40.693720584000125]],[[-73.98040482499992,40.70069900700006],[-73.98074079499993,40.70127731000017],[-73.9804048250622,40.70069900610744],[-73.98040482499992,40.70069900700006]],[[-73.98044078599986,40.700183631000094],[-73.98044169480379,40.70016321330989],[-73.98041744299996,40.70051815300012],[-73.98044078599986,40.700183631000094]],[[-73.90402950599994,40.67921354000012],[-73.90402950499993,40.6792135400001],[-73.90404639799989,40.67922059800007],[-73.90402950599994,40.67921354000012]],[[-73.90333723699995,40.67892430300008],[-73.9031631289999,40.678814978000105],[-73.90333666199992,40.6789239430001],[-73.90333723699995,40.67892430300008]],[[-73.90236198299992,40.67831191500008],[-73.90199214699999,40.67807968000012],[-73.9023946,40.67833239800011],[-73.90236198299992,40.67831191500008]],[[-73.90014864499996,40.67694931600006],[-73.90014864399993,40.67694931600008],[-73.9005649959999,40.6771779850001],[-73.90014864499996,40.67694931600006]],[[-73.95729172699991,40.66430263300005],[-73.95787061899992,40.66427335800013],[-73.95720935499996,40.66351739700011],[-73.95729172699991,40.66430263300005]],[[-73.87683348999987,40.64211858900006],[-73.87654859999992,40.6426389280001],[-73.87709627099984,40.641602955000074],[-73.87683348999987,40.64211858900006]],[[-73.87734248299998,40.64108268100007],[-73.87752894599991,40.64071680000015],[-73.87709627099984,40.641602955000074],[-73.87734248299998,40.64108268100007]],[[-73.89612587299993,40.65781466400013],[-73.89613759299986,40.6578822490001],[-73.89704215399999,40.657663589000116],[-73.89612587299993,40.65781466400013]],[[-73.89571848099996,40.658159960000035],[-73.89531621345357,40.658343177264015],[-73.8961675609999,40.65797845200012],[-73.89571848099996,40.658159960000035]],[[-73.89083184199988,40.66028396800009],[-73.89001492699988,40.66063583300015],[-73.89164919999989,40.659932576000145],[-73.89083184199988,40.66028396800009]],[[-73.88430189299983,40.66309545700011],[-73.88348677599993,40.663447817000105],[-73.88511751799982,40.662745640000075],[-73.88430189299983,40.66309545700011]],[[-73.92868404499993,40.66508602300011],[-73.92869200600002,40.664962297000145],[-73.92930683899975,40.665117007000106],[-73.92868404499993,40.66508602300011]],[[-73.95027424099992,40.70157924200009],[-73.95128819399989,40.700922365000075],[-73.94937873499998,40.70215889000012],[-73.95027424099992,40.70157924200009]],[[-73.94067555399978,40.7025926510001],[-73.94067555499998,40.70259265100008],[-73.9406199669999,40.7022554500001],[-73.94067555399978,40.7025926510001]],[[-73.9408928719998,40.703914157000085],[-73.94103009699987,40.70463617700009],[-73.94103009798208,40.70463617690625],[-73.9408928719998,40.703914157000085]],[[-73.93301076599988,40.70427708600008],[-73.9330107649998,40.70427708600006],[-73.93312548700004,40.7047008620001],[-73.93301076599988,40.70427708600008]],[[-73.96442087399987,40.707533723000076],[-73.963278738,40.70772929900014],[-73.96484837799986,40.707453611000076],[-73.96442087399987,40.707533723000076]],[[-73.96274333099983,40.70768508200015],[-73.96213128899981,40.70762269300014],[-73.963278738,40.70772929900014],[-73.96274333099983,40.70768508200015]]],[[[-74.00878590130924,40.68614660229903],[-74.00816320571415,40.68617364485865],[-74.01217596614636,40.68409518562868],[-74.00878590130924,40.68614660229903]]],[[[-73.97893110285521,40.70592490623053],[-73.97905767006142,40.705952889050515],[-73.97892920137538,40.70593158987941],[-73.97893110285521,40.70592490623053]]],[[[-73.9448277099998,40.61604620900007],[-73.93447158899997,40.6012315120001],[-73.956927197,40.59661207600006],[-73.95859278499987,40.610403031000075],[-73.9448277099998,40.61604620900007]]],[[[-73.88818990838847,40.64677356952407],[-73.88864137620679,40.64707955315819],[-73.88851637568528,40.6473606915221],[-73.88818990838847,40.64677356952407]]]]}},{"type":"Feature","properties":{"name":"south_brooklyn","bbox":[-74.04038,40.56959,-73.87714,40.68628]},"geometry":{"type":"MultiPolygon","coordinates":[[[[-73.93106288335652,40.57616310072355],[-74.00208547639728,40.5695859839852],[-74.01115668729254,40.57416676185904],[-74.00795830367427,40.58167705008163],[-73.9884283376944,40.578815842619775],[-73.98604509916208,40.58172068515179],[-74.00017922859408,40.58307395074787],[-73.9940790462178,40.588693441990785],[-74.0003736889094,40.58647481463019],[-73.99838831091802,40.59353139180329],[-74.03101612271274,40.60525141411537],[-74.04038132338673,40.61534178232861],[-74.0386880469073,40.63973825602973],[-74.01554165388997,40.66075835547632],[-73.99953152609916,40.66439748593711],[-73.99876941079444,40.671602047052744],[-74.00686948574585,40.66602378287338],[-74.00475388692331,40.67072135894521],[-74.01154017543327,40.665085919756805],[-74.01574872882654,40.664568336291815],[-74.01690267361069,40.664846602339075],[-74.01788719149395,40.665850466285555],[-74.01933946871777,40.67162494842282],[-74.01648665554487,40.66493050895401],[-74.01033845947926,40.66907819544821],[-74.0188009477692,40.672250764848904],[-74.01928128101007,40.679648140297836],[-74.00798157801087,40.68627511006124],[-73.99490350099988,40.666785435000115],[-73.99692689899985,40.66437491500012],[-73.988716511,40.66240493800015],[-73.97777380600002,40.64534187700016],[-73.97084113799984,40.64637857100009],[-73.96803868499985,40.63665098500013],[-73.97623453700001,40.625976350000094],[-73.94415535299991,40.62950828500008],[-73.94537272499997,40.638786955000064],[-73.9536000469999,40.63842234700013],[-73.9587078989999,40.6503872730001],[-73.92799465199988,40.656802101000075],[-73.93068465499985,40.66362047700013],[-73.90347422300006,40.675506683000066],[-73.89880698499995,40.65740666200008],[-73.90944846399994,40.65152159900011],[-73.90398200599991,40.646628568000075],[-73.89354677099988,40.65520271400007],[-73.88808385457098,40.645150565350626],[-73.87714434884276,40.63597649800393],[-73.89577374598754,40.62251907138498],[-73.91733587397775,40.631656576540614],[-73.89647475412445,40.621428246089096],[-73.88969631846447,40.61145355959244],[-73.89983224542372,40.605503117043305],[-73.90133303458649,40.61171788290619],[-73.90879088017641,40.61743639672162],[-73.90164211790079,40.605763360739104],[-73.91365119759595,40.60398251383715],[-73.91422238665953,40.6149324567046],[-73.91952209795994,40.607738797434976],[-73.91442813462284,40.60286391956344],[-73.90894225138031,40.601607040698894],[-73.8839804295303,40.60556651972092],[-73.87970231664,40.58013510069835],[-73.89552381007165,40.57676981843653],[-73.89903425420563,40.587676171746],[-73.9114817199007,40.586078718712514],[-73.91204234015626,40.594506954289045],[-73.91513297459494,40.598781115930485],[-73.93016762708739,40.60402845833108],[-73.9142056620668,40.58919688363631],[-73.92475709799683,40.58563257509952],[-73.9239529485009,40.5911398505252],[-73.92863061415636,40.58857263642092],[-73.93260420556844,40.59492954452514],[-73.93125191267131,40.586849825214415],[-73.91148327601971,40.58183216186766],[-73.95349322048675,40.58298819826117],[-73.9325800656803,40.58126474120362],[-73.93106288335652,40.57616310072355]],[[-74.01942760861903,40.602871578425464],[-74.01923150299992,40.603102174000114],[-74.01918088999996,40.603149595000154],[-74.01942760861903,40.602871578425464]],[[-73.91847519099994,40.606145568000095],[-73.91852760837897,40.60611336738153],[-73.91794980550603,40.60620925217122],[-73.91847519099994,40.606145568000095]],[[-73.96854635499984,40.57624267100014],[-73.96865108899983,40.57576305400013],[-73.96853934869063,40.57627384794103],[-73.96854635499984,40.57624267100014]],[[-73.96865108899983,40.57576305400013],[-73.96868119599986,40.57563088300005],[-73.96870646362146,40.57556614753546],[-73.96865108899983,40.57576305400013]],[[-73.96880187199986,40.57537736400011],[-73.96883335399993,40.57533585900006],[-73.96876680243773,40.57543938628897],[-73.96880187199986,40.57537736400011]],[[-73.9682587889998,40.575045489000075],[-73.96810857699987,40.57502089900005],[-73.96840165999983,40.57508536800005],[-73.9682587889998,40.575045489000075]],[[-73.95828056999996,40.60874735400015],[-73.956927197,40.59661207600006],[-73.93447158899997,40.6012315120001],[-73.9448277099998,40.61604620900007],[-73.95828056999996,40.60874735400015]],[[-73.95934736799988,40.58741753700011],[-73.95978030299993,40.58736947500007],[-73.95819543199988,40.58754433200006],[-73.95934736799988,40.58741753700011]],[[-74.01871382199994,40.60358207500013],[-74.01871382299994,40.60358207500012],[-74.01917685099995,40.603154422000074],[-74.01871382199994,40.60358207500013]],[[-74.018691357777,40.60360792423742],[-74.01909859999992,40.60373226400006],[-74.01869135799996,40.60360792400012],[-74.018691357777,40.60360792423742]],[[-74.01671283899998,40.60568263500007],[-74.01746711399997,40.60496510400008],[-74.01728366699997,40.60513782500012],[-74.01671283899998,40.60568263500007]],[[-73.97174499699994,40.583662749000084],[-73.97174499599997,40.58366274900012],[-73.970846422,40.583820215000124],[-73.97174499699994,40.583662749000084]],[[-73.96899979299988,40.58406350400011],[-73.970055463,40.58394773000005],[-73.96781584999998,40.58453905100011],[-73.96899979299988,40.58406350400011]],[[-74.00002266099992,40.60290731600008],[-74.00032353864067,40.60262029234287],[-74.00032353799993,40.60262029200011],[-74.00002266099992,40.60290731600008]],[[-73.99917564738624,40.64202544162903],[-73.99697357399992,40.640694105000144],[-73.99917564699989,40.642025442000126],[-73.99917564738624,40.64202544162903]],[[-74.02180903299994,40.64095040900008],[-74.02222562199997,40.64067782300006],[-74.02172675999999,40.641004942000116],[-74.02180903299994,40.64095040900008]],[[-74.02139467199993,40.60449399800013],[-74.02122508399991,40.604738062000166],[-74.02129949199998,40.60442832300007],[-74.02139467199993,40.60449399800013]],[[-74.02078540899996,40.605673686000095],[-74.02247769499994,40.606674216000066],[-74.02122508399991,40.604738062000166],[-74.02078540899996,40.605673686000095]],[[-74.02430437599996,40.60945697000011],[-74.02439534399993,40.60954853400011],[-74.02150602899994,40.60782209900012],[-74.02430437599996,40.60945697000011]],[[-74.02459441699996,40.60999204100009],[-74.02459593799989,40.6101092250001],[-74.02457307699996,40.6098745280001],[-74.02459441699996,40.60999204100009]],[[-74.01574804399995,40.63176426900006],[-74.01565022555528,40.63199039968794],[-74.01604820399999,40.63103288900007],[-74.01574804399995,40.63176426900006]],[[-74.00798795299995,40.64734471500006],[-74.00798795199988,40.64734471500012],[-74.00740505499991,40.64790503000012],[-74.00798795299995,40.64734471500006]],[[-74.00624091999991,40.649022426000066],[-74.00624091999993,40.64902242500012],[-74.00566250199992,40.64957838400008],[-74.00624091999991,40.649022426000066]],[[-74.00214474599989,40.65295610700015],[-74.00159439599989,40.6534880840001],[-73.99779466000001,40.65028889000011],[-74.00214474599989,40.65295610700015]],[[-73.99604565399993,40.648340654000044],[-73.99392923899993,40.647069311000095],[-73.99830602299986,40.649740015000134],[-73.99604565399993,40.648340654000044]],[[-73.9980910029999,40.65686468800011],[-73.99867041499995,40.65630686100013],[-73.99925656999994,40.65574571900006],[-73.99867041399985,40.65630686100012],[-73.99809100200001,40.656864688000105],[-73.99750144599993,40.65742847200009],[-73.9980910029999,40.65686468800011]],[[-73.99516890138564,40.659669521628985],[-73.99633560799997,40.658547216000066],[-73.99575278499995,40.65910783000008],[-73.99516890138564,40.659669521628985]],[[-73.943469619,40.617385001000116],[-73.94346961999989,40.617385001000116],[-73.94395779499983,40.61681630900009],[-73.943469619,40.617385001000116]],[[-73.91697651699994,40.616932213000084],[-73.91697651699978,40.616932212000115],[-73.91690302699992,40.61627422900014],[-73.91697651699994,40.616932213000084]],[[-73.91726440899994,40.61954803800013],[-73.91726440900005,40.61954803700012],[-73.91717137699983,40.61871125200011],[-73.91726440899994,40.61954803800013]],[[-73.91860649599991,40.63209041500008],[-73.91824254499994,40.62877007500005],[-73.91835491799992,40.62979529800005],[-73.91860649599991,40.63209041500008]],[[-73.96034614998202,40.58612477034337],[-73.96034614999985,40.586124770000104],[-73.96034190799985,40.58596836600006],[-73.96034614998202,40.58612477034337]],[[-73.95880175499998,40.585187152000096],[-73.95917287700001,40.58513910600005],[-73.95777933699982,40.58518352900009],[-73.95880175499998,40.585187152000096]],[[-73.95485543100001,40.585624778000096],[-73.95576287300001,40.585500098000104],[-73.9544461054956,40.585671022195214],[-73.95485543100001,40.585624778000096]],[[-73.95386831099988,40.58555947100013],[-73.95388521699984,40.58564255100008],[-73.95382536099993,40.585478262000066],[-73.95386831099988,40.58555947100013]],[[-73.95357366099992,40.58530918700009],[-73.95357366099982,40.58530918800009],[-73.953671153,40.585348498000094],[-73.95357366099992,40.58530918700009]],[[-73.95289540899992,40.585298754000114],[-73.95300767399999,40.585274584000125],[-73.95287969899992,40.585198420000076],[-73.95289540899992,40.585298754000114]],[[-73.95123865700003,40.58492463300011],[-73.94986974599985,40.584856396000106],[-73.95287969899992,40.585198420000076],[-73.95123865700003,40.58492463300011]],[[-73.954365727,40.583081077000074],[-73.95436572599993,40.583081078000156],[-73.95517441499999,40.582915871000175],[-73.954365727,40.583081077000074]],[[-73.92992224899984,40.59943738300011],[-73.93173390199983,40.60106206900008],[-73.92813139699999,40.59777792800006],[-73.92992224899984,40.59943738300011]],[[-73.94685570699994,40.64336214100012],[-73.94778994699976,40.64330573600011],[-73.94586879199989,40.64342374400008],[-73.94685570699994,40.64336214100012]],[[-73.93038144399524,40.651734053956254],[-73.93020593200004,40.650108667000126],[-73.93038144299994,40.65173405400007],[-73.93038144399524,40.651734053956254]],[[-73.92910623100627,40.63979510606074],[-73.92910623099985,40.63979510600012],[-73.92809818199994,40.639856616000074],[-73.92910623100627,40.63979510606074]],[[-73.92574389499987,40.64001446600003],[-73.92575898155953,40.640013250613436],[-73.92570388299987,40.640360950000115],[-73.92574389499987,40.64001446600003]],[[-73.93706492900004,40.632771167000094],[-73.93706492799993,40.632771167000115],[-73.9372670019998,40.634650625000084],[-73.93706492900004,40.632771167000094]],[[-73.93629596699988,40.63470952600008],[-73.93535985000001,40.63476731200011],[-73.9372670019998,40.634650625000084],[-73.93629596699988,40.63470952600008]],[[-73.93439440199988,40.634826803000124],[-73.93342687599988,40.634884051000114],[-73.93535985000001,40.63476731200011],[-73.93439440199988,40.634826803000124]],[[-73.92712769599991,40.63566745600014],[-73.92712769499995,40.635667456000164],[-73.9269145769998,40.6359394400001],[-73.92712769599991,40.63566745600014]],[[-73.92674443099993,40.63617310600011],[-73.92674442999991,40.63617310600007],[-73.92668615699995,40.63625708800011],[-73.92674443099993,40.63617310600011]],[[-73.92604638799985,40.63860334200008],[-73.92604638799999,40.63860334100014],[-73.92596691799999,40.63880208900015],[-73.92604638799985,40.63860334200008]],[[-73.92586068599987,40.63921107200012],[-73.92586068599985,40.6392110710001],[-73.925834756,40.63941858800011],[-73.92586068599987,40.63921107200012]],[[-73.91886934499978,40.63464421600008],[-73.91886934599994,40.63464421600004],[-73.91886199299982,40.634577128000075],[-73.91886934499978,40.63464421600008]],[[-73.91974399499988,40.66077097300007],[-73.91966280899982,40.661405033000136],[-73.91990440499988,40.660337117000076],[-73.91974399499988,40.66077097300007]]],[[[-73.92182277731894,40.597332932872725],[-73.91626393108346,40.598161137312935],[-73.91295122631982,40.59205432996982],[-73.92182277731894,40.597332932872725]]],[[[-73.88840531896192,40.6467139885155],[-73.88846787961647,40.64689973402546],[-73.88829183121514,40.646718719035846],[-73.88840531896192,40.6467139885155]]]]}},{"type":"Feature","properties":{"name":"queens_west","bbox":[-73.96261,40.66677,-73.74017,40.80101]},"geometry":{"type":"MultiPolygon","coordinates":[[[[-73.89646625099994,40.68233642200008],[-73.92189184699987,40.709396096000035],[-73.92515446906472,40.72232046365788],[-73.92037064235663,40.72368111382123],[-73.94594095987212,40.737505076554186],[-73.94146173481568,40.73924858381372],[-73.93858786976764,40.74293088268766],[-73.96260615442901,40.73876172435004],[-73.95318382492853,40.747734811961166],[-73.95620052208228,40.74968568845336],[-73.94350282032728,40.76449904074404],[-73.93489533894557,40.77004186288969],[-73.9363802281754,40.7769214565629],[-73.90985862925774,40.790945493782075],[-73.8959296297551,40.78564894431396],[-73.90114577552107,40.78271110609074],[-73.90257929672345,40.78028912083576],[-73.89437777934127,40.784243203484415],[-73.89165459123714,40.78219478153084],[-73.88770661799985,40.766838598000135],[-73.87143357299982,40.771576467000074],[-73.85158552901191,40.759355420657144],[-73.83913189281712,40.76599110578434],[-73.84780575104425,40.76677294817181],[-73.84924675980236,40.78225636532187],[-73.85952909197228,40.785530560534234],[-73.8526309825624,40.79494485424493],[-73.83789967503593,40.79850897118681],[-73.83347264458874,40.78845709831367],[-73.82052810788423,40.801006023868226],[-73.7964095342633,40.79572882419982],[-73.79058298999988,40.78819291000009],[-73.80242791599977,40.78606827400013],[-73.80379022899989,40.775610112000116],[-73.78571993599994,40.76292146500005],[-73.77573836999991,40.74332564700012],[-73.75684127399992,40.74932207800013],[-73.76239510599996,40.75949699800005],[-73.75800131799996,40.760379867000076],[-73.74384322099985,40.74769009600007],[-73.75347299999997,40.742404844000134],[-73.74016951799993,40.738481898000074],[-73.75669771299987,40.7262287110001],[-73.77727808000003,40.72234633600007],[-73.77757506899987,40.73019327300007],[-73.79174472699992,40.72578885000015],[-73.79073248899982,40.719208757000075],[-73.82591945199992,40.71598987600012],[-73.81955363300001,40.7084252290001],[-73.81063298299996,40.691947383000084],[-73.83807769099997,40.684238910000076],[-73.83334819299995,40.666773187000146],[-73.86131863599985,40.67502126900009],[-73.86891704399994,40.69515042300006],[-73.89646625099994,40.68233642200008]],[[-73.9491129519999,40.75452362000005],[-73.9482744449999,40.75415377800014],[-73.95080763809156,40.75526368005726],[-73.9491129519999,40.75452362000005]],[[-73.9342460963097,40.77102927516265],[-73.93424609600005,40.771029276000085],[-73.93452730104705,40.771176775051856],[-73.9342460963097,40.77102927516265]],[[-73.82005442499995,40.71681033300014],[-73.81930469499987,40.71713608100007],[-73.82018883899984,40.71673522400005],[-73.82005442499995,40.71681033300014]],[[-73.82591945199992,40.71598987600012],[-73.82630699099998,40.71579072400012],[-73.82646966099985,40.71569556800011],[-73.82591945199992,40.71598987600012]],[[-73.81637824499992,40.70245196400007],[-73.81686030399995,40.70244433200004],[-73.8170868249999,40.70257033100007],[-73.81637824499992,40.70245196400007]],[[-73.82053608499999,40.703227148000074],[-73.821478249,40.70341560400013],[-73.8170868249999,40.70257033100007],[-73.82053608499999,40.703227148000074]],[[-73.88764663699996,40.747244839000125],[-73.88867766199998,40.74713427800013],[-73.88957128399994,40.74703905400009],[-73.88764663699996,40.747244839000125]],[[-73.89379708799999,40.747691500000066],[-73.89175048799984,40.74681172800009],[-73.89240906699997,40.74713532900008],[-73.89379708799999,40.747691500000066]],[[-73.88661927199986,40.74118171600006],[-73.88559037099996,40.740576557000054],[-73.88551225099984,40.74016501900008],[-73.88661927199986,40.74118171600006]],[[-73.88461489999985,40.74043293400011],[-73.88416972299986,40.74057237300013],[-73.88540705199999,40.74019643200011],[-73.88461489999985,40.74043293400011]],[[-73.88186399099997,40.741734567000066],[-73.88100387999987,40.74184066200016],[-73.882942868,40.74160954400002],[-73.88186399099997,40.741734567000066]],[[-73.87743058454933,40.738600515894994],[-73.87743058400002,40.73860051600012],[-73.87791831799989,40.73939495700009],[-73.87743058454933,40.738600515894994]],[[-73.86462193212908,40.734282757252686],[-73.86106394499986,40.7353144910001],[-73.862840003,40.73479949500012],[-73.86462193212908,40.734282757252686]],[[-73.8365236769999,40.72237055300009],[-73.83603385999993,40.72176720200015],[-73.83836161400004,40.72556184200007],[-73.8365236769999,40.72237055300009]],[[-73.83138630199986,40.71457739800016],[-73.83145866999996,40.71455444900013],[-73.83122975599984,40.714627029000106],[-73.83138630199986,40.71457739800016]],[[-73.83103141799982,40.71433672500007],[-73.8309675249999,40.71435449100007],[-73.83106922200002,40.71435395600011],[-73.83103141799982,40.71433672500007]],[[-73.83600510799992,40.711729672000104],[-73.83602786500002,40.711749064000095],[-73.83505175599991,40.71225357700009],[-73.83600510799992,40.711729672000104]],[[-73.83611476599982,40.711825147000134],[-73.83640857599988,40.7116417690001],[-73.83602786500002,40.711749064000095],[-73.83611476599982,40.711825147000134]],[[-73.83671661599983,40.7114701920001],[-73.83671685300001,40.71147007500012],[-73.83671639099991,40.71147031600006],[-73.83671661599983,40.7114701920001]],[[-73.84024206299988,40.71026193200004],[-73.84069154199982,40.710153214000115],[-73.84019199299999,40.710276829000115],[-73.84024206299988,40.71026193200004]],[[-73.8430466589999,40.7092641500001],[-73.84314625299982,40.709223456000124],[-73.84267962199995,40.70941412400012],[-73.8430466589999,40.7092641500001]],[[-73.88622785599988,40.712202381000125],[-73.88622785599989,40.712202382000086],[-73.88637649699994,40.712207715000105],[-73.88622785599988,40.712202381000125]],[[-73.88507555699987,40.7121610550001],[-73.88507555699985,40.71216105600011],[-73.88519262719352,40.71216606011715],[-73.88507555699987,40.7121610550001]],[[-73.93618379699997,40.76769180200013],[-73.93618379699991,40.767691801000126],[-73.936057782849,40.767737752520546],[-73.93618379699997,40.76769180200013]],[[-73.93836125899996,40.766910756000144],[-73.93858976899998,40.766817359000115],[-73.93709253699996,40.767360393000104],[-73.93836125899996,40.766910756000144]],[[-73.93594942700003,40.76757822500015],[-73.93493511099992,40.76701302400008],[-73.93618379699991,40.767691801000126],[-73.93594942700003,40.76757822500015]],[[-73.90708728999994,40.76823623100015],[-73.9070872899999,40.76823623200006],[-73.90803079099996,40.768384734000115],[-73.90708728999994,40.76823623100015]],[[-73.90531717799979,40.7678986500001],[-73.905317179,40.76789865100008],[-73.9055484799998,40.76797658000006],[-73.90531717799979,40.7678986500001]],[[-73.90413637799996,40.76752031700005],[-73.90275780099982,40.76750354700006],[-73.90418895299992,40.767530285000156],[-73.90413637799996,40.76752031700005]],[[-73.90137640199998,40.75964203800011],[-73.90137640299986,40.75964203800008],[-73.90147053099994,40.759633050000076],[-73.90137640199998,40.75964203800011]],[[-73.89877250699988,40.7599155770001],[-73.89877250799998,40.75991557700013],[-73.89886718099987,40.75990420700005],[-73.89877250699988,40.7599155770001]],[[-73.89608492499991,40.76347375400011],[-73.89608492499991,40.76347375500011],[-73.89616618608592,40.763403251029104],[-73.89608492499991,40.76347375400011]],[[-73.89527479439866,40.76408559863154],[-73.89542447799998,40.76394724500008],[-73.89527479499989,40.76408559800012],[-73.89527479439866,40.76408559863154]],[[-73.89403763099993,40.7657589190001],[-73.89403763099985,40.76575892000005],[-73.8941491849999,40.76569435700006],[-73.89403763099993,40.7657589190001]],[[-73.90115752599986,40.71462231500009],[-73.89989954399981,40.71523272100015],[-73.90071775,40.714835709000106],[-73.90115752599986,40.71462231500009]],[[-73.90361058199981,40.76572657800012],[-73.90356915599997,40.765781789000116],[-73.903659150224,40.76566185927733],[-73.90361058199981,40.76572657800012]],[[-73.93675697199996,40.74914697200012],[-73.93739653799992,40.74891644000009],[-73.93645660599992,40.74941256800006],[-73.93675697199996,40.74914697200012]],[[-73.93383269399993,40.7516047020001],[-73.93195863799987,40.751974259000136],[-73.932276233,40.75195388600016],[-73.93383269399993,40.7516047020001]],[[-73.9291422419998,40.75203153500012],[-73.93015432399984,40.752012125000135],[-73.92874215599983,40.75204162500014],[-73.9291422419998,40.75203153500012]],[[-73.92562743799989,40.752137244000096],[-73.9244174849999,40.752404302000116],[-73.92562743701919,40.75213724521657],[-73.92562743799989,40.752137244000096]],[[-73.92204020499989,40.752937628000105],[-73.92221061947733,40.752899207302455],[-73.92161909499991,40.75302765400006],[-73.92204020499989,40.752937628000105]],[[-73.92047925899985,40.75328523700012],[-73.920276847,40.75333811800014],[-73.92161909499991,40.75302765400006],[-73.92047925899985,40.75328523700012]],[[-73.91892348099987,40.753636124000096],[-73.91650534599997,40.75389159100014],[-73.91763192900005,40.75385784900012],[-73.91892348099987,40.753636124000096]],[[-73.91067474899997,40.75299507700009],[-73.91256954199997,40.75330421500014],[-73.91051484583089,40.75287249769094],[-73.91067474899997,40.75299507700009]],[[-73.90944331999988,40.75075523200013],[-73.9094586379999,40.7508550740001],[-73.90944330899997,40.7507551320001],[-73.90944331999988,40.75075523200013]],[[-73.91232274099995,40.746447086000096],[-73.9124485379999,40.74592040200004],[-73.91235352599999,40.74631819600011],[-73.91232274099995,40.746447086000096]],[[-73.91567469599995,40.74078492900007],[-73.91538439399999,40.74072944300012],[-73.916301085,40.7390691180001],[-73.91567469599995,40.74078492900007]],[[-73.91709074600003,40.73714468200016],[-73.91717737999994,40.73689787100006],[-73.91717737967315,40.736897870930726],[-73.91709074600003,40.73714468200016]],[[-73.91687214200005,40.73554135900014],[-73.91651522799987,40.73675734600004],[-73.91689741899991,40.73544470800008],[-73.91687214200005,40.73554135900014]],[[-73.9183510909999,40.733152558000114],[-73.91759250800001,40.73523944100003],[-73.91879292099999,40.73196944900008],[-73.9183510909999,40.733152558000114]],[[-73.90573360899982,40.728510758000084],[-73.90557740099993,40.72863668400006],[-73.90518057899999,40.728956577000154],[-73.90573360899982,40.728510758000084]],[[-73.904218336,40.73012583100016],[-73.90416853299989,40.73018659100009],[-73.90259650799989,40.73210442800013],[-73.904218336,40.73012583100016]],[[-73.90286649499988,40.73476746100013],[-73.90286649499984,40.73476746000013],[-73.90194324799982,40.734340025000144],[-73.90286649499988,40.73476746100013]],[[-73.90628903499987,40.732400752000075],[-73.91068876353967,40.73347108188813],[-73.91068876399997,40.73347108100014],[-73.90628903499987,40.732400752000075]],[[-73.90463288899997,40.73782416300009],[-73.90369365299995,40.738198956000154],[-73.90410900599981,40.738033215000094],[-73.90463288899997,40.73782416300009]],[[-73.91309781699982,40.721737344000125],[-73.91309781699987,40.721737345000115],[-73.91309792299981,40.72173746900015],[-73.91309781699982,40.721737344000125]],[[-73.90804680899987,40.72673388800011],[-73.90889173799998,40.726068426000126],[-73.91134506899984,40.724182170000155],[-73.90889173800001,40.7260684250001],[-73.90804680899986,40.72673388700015],[-73.90740997399989,40.72720873900011],[-73.90804680899987,40.72673388800011]],[[-73.90730013799994,40.72729436900013],[-73.90716705199989,40.72738865400009],[-73.90740997399989,40.72720873900011],[-73.90730013799994,40.72729436900013]],[[-73.91283037699982,40.71536090700014],[-73.91279689999989,40.71534014300014],[-73.91283037607475,40.7153609074262],[-73.91283037699982,40.71536090700014]],[[-73.93869664593635,40.738140817253324],[-73.93982348499995,40.73844550400006],[-73.93869664599998,40.738140817000065],[-73.93869664593635,40.738140817253324]],[[-73.93769681599989,40.745238575000016],[-73.9382576189999,40.745068437000086],[-73.93726110699993,40.745176491000095],[-73.93769681599989,40.745238575000016]],[[-73.93925967299994,40.744747868000076],[-73.94031559800003,40.7444044980001],[-73.9382576189999,40.745068437000086],[-73.93925967299994,40.744747868000076]],[[-73.94184736499994,40.744903690000086],[-73.94342742899987,40.74423117200012],[-73.94032696100007,40.74541314300014],[-73.94184736499994,40.744903690000086]],[[-73.93952057199998,40.745983779000106],[-73.93888360305894,40.74647422565899],[-73.93996463499987,40.74574558400013],[-73.93952057199998,40.745983779000106]],[[-73.89912259299984,40.75516929400008],[-73.89912259300003,40.7551692930001],[-73.89910672451012,40.75511767114719],[-73.89912259299984,40.75516929400008]],[[-73.89897117099996,40.75471530600005],[-73.89897117099991,40.754715305000104],[-73.89855812999998,40.754137096000086],[-73.89897117099996,40.75471530600005]],[[-73.90649338799986,40.759563990000125],[-73.90631505099988,40.75984387600012],[-73.90673382741467,40.75918663611863],[-73.90649338799986,40.759563990000125]],[[-73.90703976399989,40.76145304400011],[-73.90703976299993,40.76145304400012],[-73.90677808699982,40.76177748200009],[-73.90703976399989,40.76145304400011]],[[-73.90606811199996,40.7626604450001],[-73.90606811099998,40.7626604450001],[-73.90566075299986,40.7631679880001],[-73.90606811199996,40.7626604450001]],[[-73.90451229899999,40.764589064000084],[-73.90451229800003,40.7645890640001],[-73.90411003198072,40.76509307723109],[-73.90451229899999,40.764589064000084]],[[-73.94243020699994,40.75399761300014],[-73.94355728100003,40.7528205520001],[-73.94365233034934,40.75272128433856],[-73.94243020699994,40.75399761300014]],[[-73.93055267399994,40.75695894300011],[-73.93055267499999,40.756958943000086],[-73.93029558078055,40.75683767612313],[-73.93055267399994,40.75695894300011]],[[-73.93541372899996,40.763496788000076],[-73.93404264799992,40.7627613780001],[-73.93398092100001,40.76282598200005],[-73.93541372899996,40.763496788000076]],[[-73.92375761299998,40.776547012000094],[-73.92302571541649,40.7753843096618],[-73.92302571500001,40.77538431000008],[-73.92375761299998,40.776547012000094]],[[-73.91975969999989,40.78251417800008],[-73.9179658146651,40.78125629146646],[-73.91796581399993,40.78125629200011],[-73.91975969999989,40.78251417800008]],[[-73.84876725199985,40.70844457900006],[-73.84876725200003,40.708444578000105],[-73.84867281969424,40.708441649529476],[-73.84876725199985,40.70844457900006]],[[-73.89817221699985,40.69396265800012],[-73.89817221699988,40.69396265900013],[-73.89857107699993,40.69386983400011],[-73.89817221699985,40.69396265800012]],[[-73.89736265799978,40.69411084700009],[-73.89691021360092,40.69384227035692],[-73.89691021299981,40.69384227100009],[-73.89736265799978,40.69411084700009]],[[-73.89474270999995,40.69263695200009],[-73.89474270999993,40.692636953000054],[-73.89576145299986,40.69233462200004],[-73.89474270999995,40.69263695200009]],[[-73.88492223099999,40.7001040280001],[-73.88492223099993,40.70010402700007],[-73.88431619499985,40.70020119600012],[-73.88492223099999,40.7001040280001]],[[-73.88280948499987,40.70068345500009],[-73.88280948499988,40.70068345600005],[-73.88343086899987,40.70047443800008],[-73.88280948499987,40.70068345500009]],[[-73.88106992699986,40.69979988800004],[-73.88106992699986,40.69979988900009],[-73.88182690599986,40.699529299000076],[-73.88106992699986,40.69979988800004]],[[-73.87778919199995,40.701013621000115],[-73.8777891919999,40.70101362200008],[-73.87860797499998,40.700704188000074],[-73.87778919199995,40.701013621000115]],[[-73.87543139399997,40.70237435300008],[-73.87543139400003,40.7023743540001],[-73.87639785199995,40.70229404200009],[-73.87543139399997,40.70237435300008]],[[-73.85300762299991,40.75455456500009],[-73.85246329699996,40.753127409000086],[-73.85302119999993,40.75461800200006],[-73.85300762299991,40.75455456500009]],[[-73.85135102799988,40.74311905700007],[-73.85135102799995,40.74311905800009],[-73.85155107299987,40.743507227000144],[-73.85135102799988,40.74311905700007]],[[-73.8648150539999,40.73466021500013],[-73.86474970279633,40.734532486234286],[-73.86515865399998,40.735325014000104],[-73.8648150539999,40.73466021500013]],[[-73.85478630699988,40.75470744900012],[-73.85323754899999,40.75509560100009],[-73.85579909099987,40.75440952800014],[-73.85478630699988,40.75470744900012]],[[-73.82678475998864,40.78166766900036],[-73.82770726099993,40.781667917000064],[-73.82678476000001,40.781667669000136],[-73.82678475998864,40.78166766900036]],[[-73.83746794599992,40.76830671800016],[-73.83746794599983,40.76830671700006],[-73.83711212099998,40.76864287200008],[-73.83746794599992,40.76830671800016]],[[-73.83866554599996,40.76674036600016],[-73.8386015299999,40.76683051000004],[-73.83805766700006,40.76759634400006],[-73.83866554599996,40.76674036600016]],[[-73.82995752599986,40.714580887000146],[-73.82995752699982,40.714580887000075],[-73.83031312099993,40.714499745000154],[-73.82995752599986,40.714580887000146]],[[-73.82715524199998,40.71538800400005],[-73.82715524299999,40.715388004000076],[-73.8274293305257,40.71531837616387],[-73.82715524199998,40.71538800400005]],[[-73.81469163547983,40.73595232403369],[-73.81469163100176,40.7359499939632],[-73.81469163099986,40.73594999400016],[-73.81469163547983,40.73595232403369]],[[-73.81504998799993,40.7389431330001],[-73.8150478662373,40.73893389418649],[-73.81504998775908,40.73894313295166],[-73.81504998799993,40.7389431330001]],[[-73.81499755799993,40.7389325860001],[-73.81499755699998,40.738932586000125],[-73.81500633899198,40.73893435258419],[-73.81499755799993,40.7389325860001]],[[-73.80844891400001,40.73851478700006],[-73.80844891299986,40.73851478700012],[-73.80893016799997,40.73853238000006],[-73.80844891400001,40.73851478700006]],[[-73.83834041199985,40.75542546300006],[-73.83838479599993,40.75564036700009],[-73.83827816299996,40.75523337800015],[-73.83834041199985,40.75542546300006]],[[-73.83798921299994,40.75451504300006],[-73.83805974199996,40.75466660700008],[-73.83778038200002,40.754130683000135],[-73.83798921299994,40.75451504300006]],[[-73.83599840100001,40.75200573700013],[-73.83701406699998,40.75402742100005],[-73.83560230899995,40.75139485300009],[-73.83599840100001,40.75200573700013]],[[-73.83225199799976,40.75157800300013],[-73.832247237,40.7517005910001],[-73.83226390851054,40.751517799500995],[-73.83225199799976,40.75157800300013]],[[-73.83277623900001,40.74931349400013],[-73.83228373899995,40.75142526900008],[-73.83311678399998,40.7480472710001],[-73.83277623900001,40.74931349400013]],[[-73.83125479799999,40.74810635900012],[-73.83128299699986,40.7482212610001],[-73.8312547989999,40.7481063600001],[-73.83300302099987,40.74783363100007],[-73.83364897199982,40.74764609900015],[-73.83125479799999,40.74810635900012]],[[-73.83128640999993,40.74845858500009],[-73.83129377999995,40.74833945000014],[-73.83126084299984,40.74857627200009],[-73.83128640999993,40.74845858500009]],[[-73.83126084299984,40.74857627200009],[-73.83115861499981,40.74879799800013],[-73.8310920649999,40.74886061200011],[-73.83126084299984,40.74857627200009]],[[-73.8310116789999,40.748916019000085],[-73.83081942999986,40.74899579200014],[-73.83091972599982,40.74896171100007],[-73.8310116789999,40.748916019000085]],[[-73.83060941299986,40.749025884000105],[-73.82965157399984,40.749171993000104],[-73.83071466599985,40.74901721400006],[-73.83060941299986,40.749025884000105]],[[-73.82576557299983,40.75096902400013],[-73.82566698599992,40.75090874800009],[-73.82518837299989,40.75128858500013],[-73.82576557299983,40.75096902400013]],[[-73.8246103029999,40.751626748000064],[-73.82426493804174,40.75183288797518],[-73.82426493900002,40.751832889000156],[-73.8246103029999,40.751626748000064]],[[-73.81341871899986,40.74658444500007],[-73.81341871899997,40.74658444600013],[-73.81416172040211,40.746138580358824],[-73.81341871899986,40.74658444500007]],[[-73.80286300399993,40.747642970000136],[-73.80283391022773,40.747762062191725],[-73.80290167228402,40.74752594587976],[-73.80286300399993,40.747642970000136]],[[-73.80327809299982,40.746439511000126],[-73.8033521419999,40.74643196500006],[-73.80017472200002,40.7467555780001],[-73.80327809299982,40.746439511000126]],[[-73.79921673599998,40.7468562810001],[-73.79826235399989,40.74696565600009],[-73.80017472200002,40.7467555780001],[-73.79921673599998,40.7468562810001]],[[-73.79448123999998,40.74566969400011],[-73.79457976099988,40.74640268300011],[-73.7946756879998,40.74721192800015],[-73.79448123999998,40.74566969400011]],[[-73.79566566899987,40.74304423600009],[-73.7958931919999,40.74280368700014],[-73.79589302899994,40.74280385700011],[-73.79566566899987,40.74304423600009]],[[-73.796394323,40.742348349000096],[-73.79639423599997,40.74234842500011],[-73.79666581899986,40.74213552300009],[-73.796394323,40.742348349000096]],[[-73.82788031199985,40.73848979700013],[-73.82788031184008,40.738489797002565],[-73.8279436029999,40.73848998200006],[-73.82788031199985,40.73848979700013]],[[-73.8254734689999,40.71894785500012],[-73.82547346900002,40.718947856000135],[-73.82548231999995,40.71920613500007],[-73.8254734689999,40.71894785500012]],[[-73.8254823199998,40.71920620800008],[-73.82551374199986,40.719464485999545],[-73.82548231999995,40.71920613500007],[-73.8254823199998,40.71920620800008]],[[-73.8275552779999,40.72496095000006],[-73.82755527699996,40.72496095000003],[-73.827704851,40.725091630000094],[-73.8275552779999,40.72496095000006]],[[-73.82770512299993,40.72509185600014],[-73.82770512199998,40.72509185600013],[-73.82787086399985,40.7252136100001],[-73.82770512299993,40.72509185600014]],[[-73.82866154299994,40.72558142300006],[-73.82866154199978,40.72558142300012],[-73.82887959600001,40.72563819200008],[-73.82866154299994,40.72558142300006]],[[-73.82887984399994,40.72563825400012],[-73.82887984299998,40.7256382540001],[-73.82910097699987,40.72567999800011],[-73.82887984399994,40.72563825400012]],[[-73.82957243899995,40.725808407000095],[-73.829572438,40.725808407000095],[-73.82957252099986,40.72580843400005],[-73.82957243899995,40.725808407000095]],[[-73.82979903999995,40.72589722600004],[-73.8297990389998,40.725897226000065],[-73.82979910999985,40.725897254000145],[-73.82979903999995,40.72589722600004]],[[-73.83001569399997,40.72600169000007],[-73.83001569299999,40.72600169000008],[-73.8300158949998,40.726001808000056],[-73.83001569399997,40.72600169000007]],[[-73.83040820199987,40.72625282800011],[-73.83021964699995,40.72612077800014],[-73.83021953999996,40.72612069600008],[-73.83040820199987,40.72625282800011]],[[-73.83086471499999,40.726709634000066],[-73.83086471400001,40.72670963400009],[-73.83140452799991,40.72759762200016],[-73.83086471499999,40.726709634000066]],[[-73.8360070899999,40.7339787410001],[-73.83600708999997,40.73397874200009],[-73.83606223299994,40.73409869500006],[-73.8360070899999,40.7339787410001]],[[-73.8371072069999,40.741396228000085],[-73.83687775890098,40.74027932376688],[-73.83710720690974,40.74139622853809],[-73.8371072069999,40.741396228000085]],[[-73.8311729489998,40.74163764500011],[-73.83117294899978,40.74163764600013],[-73.83122032399993,40.74095322000009],[-73.8311729489998,40.74163764500011]],[[-73.83426506200006,40.74733769900012],[-73.83426519299998,40.74733760000009],[-73.83426490799998,40.747337798000125],[-73.83426506200006,40.74733769900012]],[[-73.83460358999982,40.74702113400013],[-73.834603649,40.74702107200007],[-73.83450317399992,40.74713383300015],[-73.83460358999982,40.74702113400013]],[[-73.83506574799988,40.74620410900009],[-73.83543777199996,40.7455239740001],[-73.83469042599992,40.74690269800013],[-73.83506574799988,40.74620410900009]],[[-73.835925305,40.743500570000045],[-73.83591564899993,40.74343089300006],[-73.83595071499995,40.74373056900012],[-73.835925305,40.743500570000045]],[[-73.76248609299982,40.73673098200008],[-73.7624860929999,40.73673098100006],[-73.7624836115844,40.73671084437957],[-73.76248609299982,40.73673098200008]],[[-73.76388970599994,40.734926380000125],[-73.76340036686082,40.7350774396557],[-73.7642906499999,40.73480260700006],[-73.76388970599994,40.734926380000125]],[[-73.76470929199999,40.73408485500007],[-73.7650327579999,40.73446640900008],[-73.76510920699994,40.73455658500012],[-73.76470929199999,40.73408485500007]],[[-73.79729524799988,40.74943505300013],[-73.79704716099987,40.7493323180001],[-73.79644617199999,40.749859217000115],[-73.79729524799988,40.74943505300013]]],[[[-73.86817127125168,40.78725619565468],[-73.8678840747076,40.78736103669476],[-73.8692349173292,40.78596991495836],[-73.86817127125168,40.78725619565468]]]]}},{"type":"Feature","properties":{"name":"queens_east","bbox":[-73.94074,40.54182,-73.70002,40.79647]},"geometry":{"type":"MultiPolygon","coordinates":[[[[-73.81352448727559,40.58347314904693],[-73.94073681682696,40.541820087077745],[-73.93985107460422,40.55456005374612],[-73.9261572327542,40.561552609723265],[-73.87780808995733,40.568800630063365],[-73.8504438514919,40.58213024358158],[-73.80572770393,40.59075873826463],[-73.80297943325748,40.5988443045532],[-73.78635332811808,40.60319465903863],[-73.79034006550985,40.59919167636025],[-73.79102536652763,40.59552715721611],[-73.78975503447937,40.59473725030946],[-73.77856806939954,40.60964366342919],[-73.77468798964632,40.60432464838939],[-73.7813297399812,40.59775303744711],[-73.76812285388164,40.59782435923752],[-73.77339803484178,40.613682967484394],[-73.7457615018933,40.611991654374535],[-73.73815143112287,40.60271044008358],[-73.74183083531219,40.596695551456996],[-73.73812220887619,40.5973861020696],[-73.73763679389783,40.59441539983818],[-73.81352448727559,40.58347314904693]],[[-73.81812861099992,40.5873700520001],[-73.81800188699995,40.58740172100013],[-73.81829590099994,40.58735573700009],[-73.81812861099992,40.5873700520001]],[[-73.81788322381864,40.58744846867752],[-73.81788322399981,40.58744846900007],[-73.81800188699995,40.58740172100013],[-73.81788322381864,40.58744846867752]],[[-73.86333068899997,40.57538325300013],[-73.86341227899987,40.5753164770001],[-73.8627506159999,40.57585798500007],[-73.86333068899997,40.57538325300013]]],[[[-73.87000313642912,40.58263661481616],[-73.86981356482104,40.589460926788384],[-73.86327273492819,40.59090807569275],[-73.86282948605064,40.58441556714255],[-73.87000313642912,40.58263661481616]]],[[[-73.83902964248091,40.59625348474885],[-73.83347866645357,40.58936874871109],[-73.84385894083933,40.59342531196078],[-73.83902964248091,40.59625348474885]]],[[[-73.86952707548932,40.598713750354605],[-73.86967070711478,40.59668856362231],[-73.87020899836229,40.59695423278958],[-73.86952707548932,40.598713750354605]]],[[[-73.85372090340685,40.601400665178716],[-73.86044420534076,40.59647190559648],[-73.86335999147606,40.6003222027714],[-73.85372090340685,40.601400665178716]]],[[[-73.87049411914771,40.602604446204786],[-73.87019491489939,40.59899640590209],[-73.87108141811476,40.5989011474703],[-73.87049411914771,40.602604446204786]]],[[[-73.86702905185577,40.60374338885414],[-73.86793505372694,40.60396113545315],[-73.86702607287029,40.60417158400841],[-73.86702905185577,40.60374338885414]]],[[[-73.87300122724774,40.610555458460055],[-73.86966442958492,40.60654012341311],[-73.87109330768071,40.60469417399488],[-73.87300122724774,40.610555458460055]]],[[[-73.86874317559169,40.6070351792795],[-73.86777501561137,40.6085394887785],[-73.86702399475149,40.60806817876962],[-73.86874317559169,40.6070351792795]]],[[[-73.83610156628845,40.60736279382349],[-73.83045815392721,40.60666920140341],[-73.83587601623029,40.60563690754577],[-73.83610156628845,40.60736279382349]]],[[[-73.8407944240835,40.60564326638285],[-73.85179402215192,40.60689716858387],[-73.84614804513843,40.617728420366525],[-73.83825667290532,40.61384721621662],[-73.8407944240835,40.60564326638285]]],[[[-73.84973986306498,40.61515605814351],[-73.85708638173246,40.606468242933744],[-73.85858056782772,40.61691708722204],[-73.84973986306498,40.61515605814351]]],[[[-73.86684384142526,40.62782924286045],[-73.87084603194215,40.61696742645779],[-73.8782477932424,40.61544460833173],[-73.86684384142526,40.62782924286045]]],[[[-73.84358010755503,40.6231781641846],[-73.86107132214268,40.61771207937077],[-73.86404106276487,40.619207596714226],[-73.8565055097758,40.629097353726785],[-73.84734350666976,40.62909473971645],[-73.84358010755503,40.6231781641846]]],[[[-73.84110205447425,40.624556436515334],[-73.84445711462237,40.62984779444018],[-73.83765174362401,40.632839732956185],[-73.83623731597828,40.631110861231925],[-73.84110205447425,40.624556436515334]]],[[[-73.84667914840234,40.638731711757345],[-73.84858996643929,40.630131986806745],[-73.8585583634798,40.63045828819579],[-73.84667914840234,40.638731711757345]]],[[[-73.85854822276487,40.65236079018105],[-73.85695870295892,40.65058737348732],[-73.85898002989568,40.65267545791791],[-73.85854822276487,40.65236079018105]]],[[[-73.85975533686633,40.65410417609513],[-73.85904529229782,40.6531079760841],[-73.85898002989568,40.65267545791791],[-73.85975533686633,40.65410417609513]]],[[[-73.86048308199986,40.65465892800008],[-73.85979242750741,40.65447615737717],[-73.85975533686633,40.65410417609513],[-73.86048308199986,40.65465892800008]]],[[[-73.86131863599985,40.67502126900009],[-73.83334819299995,40.666773187000146],[-73.83807769099997,40.684238910000076],[-73.81063298299996,40.691947383000084],[-73.82524731699984,40.71645544500007],[-73.79073248899982,40.719208757000075],[-73.79174472699992,40.72578885000015],[-73.77757506899987,40.73019327300007],[-73.77727808000003,40.72234633600007],[-73.75669771299987,40.7262287110001],[-73.74016951799993,40.738481898000074],[-73.75347299999997,40.742404844000134],[-73.74384322099985,40.74769009600007],[-73.75800131799996,40.760379867000076],[-73.76239510499991,40.75949699800011],[-73.75684127399991,40.74932207700008],[-73.77573836999991,40.74332564700012],[-73.78571993599994,40.76292146500005],[-73.80379022899989,40.775610112000116],[-73.80242791699987,40.7860682740001],[-73.77692817826858,40.79646925152695],[-73.76510436820205,40.77379903872326],[-73.74465748646857,40.75655810497751],[-73.75507210849031,40.76753310678762],[-73.75080593606877,40.78289337883415],[-73.70163345846068,40.752493329846615],[-73.70002020501624,40.73923654186615],[-73.70766217302989,40.72783093475488],[-73.73032628984046,40.722157296892526],[-73.72689487490652,40.709978573809884],[-73.72509934591031,40.65234574815606],[-73.74143706021165,40.646889178160905],[-73.7399595753528,40.6351438091868],[-73.77418923599993,40.65986052400011],[-73.79702409499983,40.665065884000086],[-73.832705339,40.66540577300005],[-73.82859942399985,40.657196973000076],[-73.82639242872236,40.648324348808025],[-73.82901417557953,40.65610788445261],[-73.83044328071922,40.65551947244468],[-73.8317081441153,40.65393117429708],[-73.83221698518575,40.65446038629313],[-73.83149330103005,40.65497982053988],[-73.83116100809627,40.65591923373734],[-73.82937603410723,40.65650633521617],[-73.82896778740296,40.65720524792025],[-73.82917919734568,40.65779977854447],[-73.83013028740389,40.65840264372136],[-73.82970706838906,40.65850251386469],[-73.82959986903019,40.65865680691558],[-73.83014950104759,40.6598086849575],[-73.83338439472544,40.658051859208186],[-73.83109184464118,40.648484806759484],[-73.83561034795801,40.64850568470074],[-73.8387360855594,40.662454060021275],[-73.83592320073284,40.64549979067515],[-73.84950699084165,40.64413376567896],[-73.84939766406322,40.65143487895051],[-73.86317083299996,40.65827651200013],[-73.85568461199988,40.66386749200013],[-73.86131863599985,40.67502126900009]],[[-73.83295614299986,40.66582706600013],[-73.83291947199984,40.665765049000115],[-73.83300277599999,40.66592051800014],[-73.83295614299986,40.66582706600013]],[[-73.77886957499987,40.713849297000024],[-73.77886957500004,40.71384929800012],[-73.77972553599984,40.713635770000074],[-73.77886957499987,40.713849297000024]],[[-73.77275859199993,40.715397221000124],[-73.77275859299989,40.7153972210001],[-73.77357135199996,40.715120095000046],[-73.77275859199993,40.715397221000124]],[[-73.77147819699984,40.71022223500013],[-73.77147819699991,40.710222236000135],[-73.77165155299986,40.71022237200011],[-73.77147819699984,40.71022223500013]],[[-73.77084362899981,40.710171625000086],[-73.76881217299984,40.709808124000084],[-73.77115938700001,40.71020522200013],[-73.77084362899981,40.710171625000086]],[[-73.77230141699995,40.70807142300008],[-73.76918606499989,40.70933634200007],[-73.77093585099995,40.70862589700007],[-73.77230141699995,40.70807142300008]],[[-73.7755921879999,40.70532930800014],[-73.77559218799982,40.70532930900005],[-73.77561355999983,40.70551157800004],[-73.7755921879999,40.70532930800014]],[[-73.77293506699988,40.7002949200001],[-73.77293506599993,40.70029492000006],[-73.77274622199978,40.70037864700011],[-73.77293506699988,40.7002949200001]],[[-73.7744618619999,40.698995146000144],[-73.77395659499993,40.69980578100007],[-73.7739565953777,40.699805781393934],[-73.7744618619999,40.698995146000144]],[[-73.7756762609999,40.6973050300001],[-73.77567626099993,40.69730502900013],[-73.77532842099994,40.6977856670001],[-73.7756762609999,40.6973050300001]],[[-73.77618932399996,40.696574342000154],[-73.77618932299991,40.69657434100009],[-73.77608749199995,40.69672523100009],[-73.77618932399996,40.696574342000154]],[[-73.77725734399985,40.6950640420001],[-73.77725734299997,40.695064042000126],[-73.77703882099993,40.69536433700011],[-73.77725734399985,40.6950640420001]],[[-73.77944081299995,40.693645110000055],[-73.77944081299977,40.693645109000094],[-73.77863399799988,40.69401378800011],[-73.77944081299995,40.693645110000055]],[[-73.77919838599988,40.69165056800011],[-73.77789337399993,40.689917690000115],[-73.7802372379999,40.6929723350001],[-73.77919838599988,40.69165056800011]],[[-73.78643950599985,40.68878171100011],[-73.78643950599998,40.6887817100001],[-73.78580499899992,40.688996897000074],[-73.78643950599985,40.68878171100011]],[[-73.79913531299994,40.68718195900011],[-73.79913531199985,40.68718195800012],[-73.79828588299998,40.68752401900012],[-73.79913531299994,40.68718195900011]],[[-73.79943031499988,40.68473198900013],[-73.79943031399989,40.68473198800013],[-73.79898209099989,40.684858737000106],[-73.79943031499988,40.68473198900013]],[[-73.80576840300003,40.68293239100008],[-73.80551811199996,40.68240821000014],[-73.80596786999389,40.68335491396401],[-73.80576840300003,40.68293239100008]],[[-73.80522682899998,40.68179815000012],[-73.80492976299995,40.681176974000074],[-73.80551811199996,40.68240821000014],[-73.80522682899998,40.68179815000012]],[[-73.81193002299992,40.70234083600013],[-73.81193002199988,40.70234083600015],[-73.81301882900003,40.7024951570001],[-73.81193002299992,40.70234083600013]],[[-73.81190436299984,40.705123941000146],[-73.81190436299998,40.70512394000008],[-73.81180202699996,40.70436635200009],[-73.81190436299984,40.705123941000146]],[[-73.78234452799995,40.68840743800013],[-73.78326624999988,40.68999429300012],[-73.78148675699995,40.6886971830001],[-73.78234452799995,40.68840743800013]],[[-73.78051569899989,40.68703652000009],[-73.77966850599998,40.685377123000144],[-73.78148675699995,40.6886971830001],[-73.78051569899989,40.68703652000009]],[[-73.76825969099993,40.70952636800015],[-73.76844546499984,40.70963702700007],[-73.76789085799992,40.70840640300006],[-73.76825969099993,40.70952636800015]],[[-73.74051703299997,40.70338761600007],[-73.74077675800001,40.70267983800012],[-73.74077675763738,40.70267983798822],[-73.74051703299997,40.70338761600007]],[[-73.73426455300162,40.7032195419695],[-73.7333187329999,40.70319052000015],[-73.73426455299999,40.703219542000134],[-73.73426455300162,40.7032195419695]],[[-73.73036969799985,40.70309853300008],[-73.732314832,40.703159706000115],[-73.7277679189999,40.70302063800007],[-73.73036969799985,40.70309853300008]],[[-73.78697007199987,40.66708518200007],[-73.78940999382857,40.666841159017274],[-73.78940999399991,40.666841158000125],[-73.78697007199987,40.66708518200007]],[[-73.78697007199987,40.66708518200007],[-73.78502452299999,40.667229914000146],[-73.78330043299998,40.667314606000076],[-73.78697007199987,40.66708518200007]],[[-73.75814760699996,40.67270691500013],[-73.75814760699994,40.6727069140001],[-73.75643906099987,40.672441160000105],[-73.75814760699996,40.67270691500013]],[[-73.75602173399979,40.66639171600008],[-73.75551141799991,40.666398764000085],[-73.7560217342735,40.666391716010196],[-73.75602173399979,40.66639171600008]],[[-73.74608613500001,40.66640040000009],[-73.74865865742362,40.666383528003884],[-73.74536651700001,40.66640403200012],[-73.74608613500001,40.66640040000009]],[[-73.73502751499981,40.67402829000011],[-73.73502751399988,40.674028290000095],[-73.73403489799982,40.67523765700009],[-73.73502751499981,40.67402829000011]],[[-73.73332244199996,40.676132566000064],[-73.733322441,40.676132566000106],[-73.7330322339999,40.67649502600009],[-73.73332244199996,40.676132566000064]],[[-73.73047301299988,40.67934793700009],[-73.73047301200002,40.67934793700009],[-73.72950555799994,40.680055726000084],[-73.73047301299988,40.67934793700009]],[[-73.72874616700001,40.68094285800006],[-73.72874616799989,40.68094285800009],[-73.72924739999999,40.68043098600007],[-73.72874616700001,40.68094285800006]],[[-73.76172311299987,40.657214142000136],[-73.76172307699989,40.65721442100013],[-73.76172316099992,40.65721386400006],[-73.76172311299987,40.657214142000136]],[[-73.75922652199993,40.65790223700009],[-73.76165732899996,40.65823808600005],[-73.75845384399994,40.65764790300015],[-73.75922652199993,40.65790223700009]],[[-73.75763169899993,40.657357629000096],[-73.75680959499985,40.65709328400011],[-73.75819056099982,40.65755494700013],[-73.75763169899993,40.657357629000096]],[[-73.75149741999986,40.654336882000116],[-73.75109427999985,40.654212441000105],[-73.752088853,40.65451770400007],[-73.75149741999986,40.654336882000116]],[[-73.74332546899987,40.652537804004965],[-73.74328714099991,40.656134732000105],[-73.74329846300004,40.655423527000124],[-73.74330720899991,40.6547085590001],[-73.74332546899987,40.652537804004965]],[[-73.74506037799982,40.65740715000007],[-73.74618048999982,40.657439075000106],[-73.74492278899996,40.65647897500013],[-73.74506037799982,40.65740715000007]],[[-73.74281884600006,40.665305549000045],[-73.74281884600987,40.66530554898509],[-73.73954958300003,40.66525602200009],[-73.74281884600006,40.665305549000045]],[[-73.78179791400001,40.66744044100011],[-73.78179791399985,40.66744044200012],[-73.78265442899993,40.66736859700009],[-73.78179791400001,40.66744044100011]],[[-73.77791285699988,40.66771506700012],[-73.77791285799994,40.66771506700012],[-73.77970512300006,40.66759019800008],[-73.77791285699988,40.66771506700012]],[[-73.73350033599996,40.68550058400014],[-73.73308454599989,40.68538253500011],[-73.73352934330853,40.68550881866656],[-73.73350033599996,40.68550058400014]],[[-73.73045844999993,40.68458679400006],[-73.72959149799995,40.68432533800014],[-73.73132732799995,40.68485054400008],[-73.73045844999993,40.68458679400006]],[[-73.75523457799997,40.67728840900007],[-73.75484909699989,40.67792883800014],[-73.75549392499991,40.67662967300007],[-73.75523457799997,40.67728840900007]],[[-73.75417856899982,40.678844486000116],[-73.7539939519999,40.679094507000094],[-73.75484909699989,40.67792883800014],[-73.75417856899982,40.678844486000116]],[[-73.75372596099987,40.67945742800011],[-73.75345604299982,40.67982295600011],[-73.7539939519999,40.679094507000094],[-73.75372596099987,40.67945742800011]],[[-73.75247059899989,40.68118051400012],[-73.75225828699998,40.68149141100009],[-73.75268290999999,40.68086961700009],[-73.75247059899989,40.68118051400012]],[[-73.75180409199986,40.682403323000145],[-73.75167309222519,40.68272476136902],[-73.75225828699998,40.68149141100009],[-73.75180409199986,40.682403323000145]],[[-73.75008991099996,40.68592344600014],[-73.74944546799985,40.686672022000074],[-73.75025615899997,40.685613110000105],[-73.75008991099996,40.68592344600014]],[[-73.77328703999997,40.68345473100009],[-73.77317164930446,40.68326054180146],[-73.773499153,40.68348222700014],[-73.77328703999997,40.68345473100009]],[[-73.73226918099995,40.74381896300015],[-73.73226918099988,40.74381896200008],[-73.7310646189999,40.74488837600008],[-73.73226918099995,40.74381896300015]],[[-73.71896368299996,40.746994741000066],[-73.71896368299994,40.74699474000013],[-73.71894406299995,40.74694425600014],[-73.71896368299996,40.746994741000066]],[[-73.75433064399984,40.72230878700007],[-73.7546271559998,40.722580941000075],[-73.7532266449999,40.72128365000006],[-73.75433064399984,40.72230878700007]],[[-73.75788220699995,40.76227115300007],[-73.75794391899996,40.762184077000086],[-73.75792673399992,40.76220832500011],[-73.75788220699995,40.76227115300007]],[[-73.75784171220721,40.76252344319282],[-73.75783301506516,40.76246859341185],[-73.7578330149999,40.76246859400011],[-73.75784171220721,40.76252344319282]],[[-73.72506848099985,40.75272184400007],[-73.72506847999986,40.75272184400011],[-73.72475823099984,40.752908148000095],[-73.72506848099985,40.75272184400007]],[[-73.72326673399982,40.753947599000114],[-73.72326673499998,40.75394759900014],[-73.72344135499989,40.753790845000054],[-73.72326673399982,40.753947599000114]],[[-73.72180289199997,40.75606989700011],[-73.72180289199981,40.75606989800012],[-73.72207071399988,40.75549670300013],[-73.72180289199997,40.75606989700011]],[[-73.72121176099988,40.75697920800008],[-73.72121176099995,40.75697920900009],[-73.72145870299994,40.75665808100013],[-73.72121176099988,40.75697920800008]],[[-73.72096511699988,40.757293789000144],[-73.7206331939999,40.75761683500015],[-73.72111001499998,40.75711152600015],[-73.72096511699988,40.757293789000144]],[[-73.78984203999995,40.77468732600011],[-73.7898420409999,40.7746873260001],[-73.79034971799999,40.774573094000125],[-73.78984203999995,40.77468732600011]],[[-73.7767836329999,40.77840958300006],[-73.77678363299988,40.77840958400006],[-73.77749794119076,40.778213982061644],[-73.7767836329999,40.77840958300006]]],[[[-73.83484682806589,40.59554343605359],[-73.82146929866911,40.59999372263403],[-73.82445218054455,40.60079696284437],[-73.82003243531851,40.608923655879316],[-73.82043403607466,40.6120667872545],[-73.83779167484144,40.61555965034307],[-73.83340607979225,40.638501355899166],[-73.82419327293157,40.639953274487986],[-73.81486539911208,40.608020598741724],[-73.82120137599598,40.594779935045],[-73.83484682806589,40.59554343605359]],[[-73.82075892526474,40.61523267892841],[-73.82075892599994,40.615232679000115],[-73.82089894249432,40.615194768036226],[-73.82075892526474,40.61523267892841]]],[[[-73.81085365186647,40.60322371301453],[-73.81157550345522,40.59814119925975],[-73.8142869369858,40.60445566622187],[-73.81085365186647,40.60322371301453]]],[[[-73.82815085191196,40.60795028983312],[-73.8269052458468,40.6064238979775],[-73.82861671457653,40.605838484137806],[-73.82815085191196,40.60795028983312]]],[[[-73.8012001966788,40.603912200652275],[-73.80159206744115,40.61023096250147],[-73.79630654215427,40.609338032538375],[-73.79352152715475,40.606327591396116],[-73.8012001966788,40.603912200652275]]],[[[-73.82688326414805,40.6095966780696],[-73.82771104235977,40.6083986681309],[-73.82805077260065,40.610046296865484],[-73.82688326414805,40.6095966780696]]],[[[-73.79017983899541,40.622577562524384],[-73.78090621621647,40.613603676618915],[-73.79139721011911,40.60761085525013],[-73.8005395167722,40.611651630324644],[-73.79017983899541,40.622577562524384]]],[[[-73.79403741688607,40.62563519595512],[-73.80172498640164,40.61996700873188],[-73.80508906012292,40.61343256041963],[-73.80698502381061,40.623871998830175],[-73.79403741688607,40.62563519595512]]],[[[-73.81258556038132,40.62837191618393],[-73.81089990481605,40.616218471341156],[-73.81637181200166,40.631372728249325],[-73.81258556038132,40.62837191618393]]],[[[-73.79827615415297,40.631252179366],[-73.7908111127525,40.634310355755446],[-73.79079284299529,40.63428204310264],[-73.79811872226199,40.6310375092613],[-73.79827615415297,40.631252179366]]],[[[-73.8303778971816,40.65512833511813],[-73.8301257067886,40.65551061084547],[-73.82988919856028,40.65552282258427],[-73.8303778971816,40.65512833511813]]],[[[-73.76873454755717,40.620900868220424],[-73.76825288003378,40.61487772516952],[-73.77397692018825,40.61600357567166],[-73.76873454755717,40.620900868220424]]],[[[-73.77197318324889,40.623272116308534],[-73.7720313143135,40.62299121290316],[-73.77218824028016,40.62299579379533],[-73.77511891254431,40.61923384748756],[-73.77518045935565,40.61926471788503],[-73.77197318324889,40.623272116308534]]],[[[-73.77383258726536,40.62494484825363],[-73.77348560409436,40.62511314810942],[-73.77381024409397,40.62492559673114],[-73.77383258726536,40.62494484825363]]]]}},{"type":"Feature","properties":{"name":"airports","bbox":[-74.18992,40.62003,-73.74661,40.78598]},"geometry":{"type":"MultiPolygon","coordinates":[[[[-73.74713019919187,40.63721686134746],[-73.74712053523142,40.6371512410254],[-73.74715781614569,40.637060524028556],[-73.74713019919187,40.63721686134746]]],[[[-73.74704913170524,40.63754513439972],[-73.74693721618011,40.63755610186027],[-73.74694320619099,40.637529202088686],[-73.74704913170524,40.63754513439972]]],[[[-73.74661040472857,40.638724973885736],[-73.74664302817305,40.638662249807275],[-73.74666935864037,40.638706040636144],[-73.74661040472857,40.638724973885736]]],[[[-73.832705339,40.66540577300005],[-73.780755286,40.66240660200011],[-73.75411086699988,40.64869766500011],[-73.74849297657126,40.635671728442034],[-73.7650077554797,40.62941398784982],[-73.77077016777163,40.62003118215518],[-73.77704080084246,40.62766646976861],[-73.78949653224412,40.62274664610811],[-73.78264543417806,40.63024796854458],[-73.8218251362488,40.64989979587509],[-73.82227996040434,40.659425007931375],[-73.81143921922407,40.66074562606815],[-73.82338324351306,40.6602057470254],[-73.8263924282224,40.648324348808],[-73.832705339,40.66540577300005]]],[[[-74.18991599999998,40.681541000000074],[-74.17538099999996,40.70747000000009],[-74.15306999999996,40.70528300000011],[-74.17862999999994,40.67103800000008],[-74.18991599999998,40.681541000000074]]],[[[-73.86918113468879,40.78594348978511],[-73.87255732673727,40.78082112154276],[-73.85505106271819,40.77219538998928],[-73.86043337809801,40.763868882437954],[-73.87223577699984,40.77169565900012],[-73.88770661799985,40.766838598000135],[-73.88493466381183,40.7799369128071],[-73.86918113468879,40.78594348978511]]],[[[-73.89034195999996,40.77323760500016],[-73.89112044339463,40.77712469973628],[-73.89017369508576,40.77785081277804],[-73.89034195999996,40.77323760500016]]],[[[-73.8728719590193,40.78597502790254],[-73.87280920016116,40.785903109100175],[-73.8728849699182,40.785962633108134],[-73.8728719590193,40.78597502790254]]]]}},{"type":"Feature","properties":{"name":"bronx","bbox":[-73.933,40.78737,-73.76533,40.91553]},"geometry":{"type":"MultiPolygon","coordinates":[[[[-73.89796839783742,40.79564483916218],[-73.8978825324018,40.79711653214723],[-73.89680883223778,40.79580844515998],[-73.89796839783742,40.79564483916218]]],[[[-73.89864038714974,40.79910116462153],[-73.89833036270552,40.80241282094015],[-73.89646668834577,40.80079047089154],[-73.89864038714974,40.79910116462153]]],[[[-73.87642408558143,40.81528412378465],[-73.86811219140058,40.80675183283198],[-73.87234684998835,40.800174763010666],[-73.89509836487397,40.80686363917373],[-73.91372255986785,40.79678943887948],[-73.93252708785967,40.80882328177553],[-73.93299639001587,40.83567878918883],[-73.90666530999995,40.87571560900009],[-73.92490327486523,40.87888836792672],[-73.9103325682445,40.915532777002774],[-73.85946778750369,40.90051720913357],[-73.85458940544117,40.9089394991493],[-73.85107116191898,40.91037152011115],[-73.83839199161751,40.89406700802419],[-73.79300652624502,40.88335873744287],[-73.80302203685277,40.869155119796666],[-73.80841596818787,40.87118969336771],[-73.80306041484539,40.86581513370695],[-73.79288910674136,40.879264092822496],[-73.7843816810755,40.8784205316707],[-73.78719087560506,40.872730553729326],[-73.78320175426292,40.87067036085394],[-73.79139032586131,40.86814130746633],[-73.80029026716008,40.848144856343744],[-73.80484333208106,40.86160933887408],[-73.81510315384149,40.86305746536797],[-73.81230602708416,40.85416202647337],[-73.81712409042197,40.85126957344502],[-73.81169971823665,40.84668170081382],[-73.81824065893247,40.84434212791011],[-73.80992799237673,40.82819322227239],[-73.81397110346312,40.8241902691981],[-73.80697771152201,40.825388370897585],[-73.79738112573526,40.815763504895806],[-73.80704600153508,40.81653369387543],[-73.80505213646254,40.812894962434314],[-73.79065958257803,40.80448579258228],[-73.81620056896291,40.813847476479516],[-73.83743612112924,40.80620264259174],[-73.83888231646733,40.82214048985622],[-73.84233077477266,40.8290739624539],[-73.83885232384739,40.83369066784843],[-73.83972014457761,40.83956540599324],[-73.8431069159989,40.829794139320036],[-73.83999860407422,40.81993494681326],[-73.84617302872043,40.81067666443059],[-73.8511447226069,40.814396548876175],[-73.85538030243693,40.81428888208297],[-73.8479029865273,40.80500217939745],[-73.87642408558143,40.81528412378465]],[[-73.89660613699981,40.910202249000086],[-73.89659583799997,40.90962765900011],[-73.89663068599988,40.9112988780001],[-73.89660613699981,40.910202249000086]],[[-73.89972588599989,40.886514887000054],[-73.89892571799993,40.88638350200012],[-73.89965185599996,40.88666493400007],[-73.89972588599989,40.886514887000054]],[[-73.89668243100002,40.88596459000016],[-73.89661546599986,40.88595525600013],[-73.89688178399989,40.88599934700006],[-73.89668243100002,40.88596459000016]],[[-73.8946752969999,40.88553265000016],[-73.89288644599986,40.885264306000145],[-73.89176617899982,40.88504984600013],[-73.89288644500004,40.885264306000124],[-73.89467529599987,40.88553265000011],[-73.89508270700001,40.8856415120001],[-73.8946752969999,40.88553265000016]],[[-73.88984701899993,40.88468574600009],[-73.88889642199983,40.8845039190001],[-73.89080543899989,40.88486784300013],[-73.88984701899993,40.88468574600009]],[[-73.88073042799992,40.85667660500009],[-73.88072954099984,40.85680727400014],[-73.88072954100652,40.85680727403734],[-73.88073042799992,40.85667660500009]],[[-73.87757279999985,40.842483771000076],[-73.87694201699995,40.84233562800009],[-73.878171756,40.842624437000055],[-73.87757279999985,40.842483771000076]],[[-73.87190184999997,40.84372143300012],[-73.87184610299998,40.84376077800013],[-73.87280708199992,40.84342426400014],[-73.87190184999997,40.84372143300012]],[[-73.87109207899995,40.84432478100011],[-73.86944230399996,40.84724418000012],[-73.86889243299994,40.8481123220001],[-73.87109207899995,40.84432478100011]],[[-73.86941402699996,40.848788025000054],[-73.86920944599997,40.84923837200011],[-73.86889243299994,40.8481123220001],[-73.86941402699996,40.848788025000054]],[[-73.86857725751878,40.84903501640241],[-73.86920944550987,40.849238372842464],[-73.86920944599997,40.84923837200011],[-73.86857725751878,40.84903501640241]],[[-73.84361155600004,40.83934832600009],[-73.8430625279998,40.83979720600009],[-73.84391720399984,40.839086326000036],[-73.84361155600004,40.83934832600009]],[[-73.84188635200002,40.840617202000054],[-73.84188610300001,40.84061717400004],[-73.84188659999985,40.840617247000125],[-73.84188635200002,40.840617202000054]],[[-73.84172735199984,40.840600207000136],[-73.84172710199991,40.8406001800001],[-73.84188610300001,40.84061717400004],[-73.84172735199984,40.840600207000136]],[[-73.83849424699997,40.84069922000012],[-73.83830524999978,40.84064271900017],[-73.83812376299989,40.84057018200013],[-73.83849424699997,40.84069922000012]],[[-73.83771374899992,40.84040631000007],[-73.83771374897609,40.84040631039021],[-73.83812376299989,40.84057018200013],[-73.83771374899992,40.84040631000007]],[[-73.83474813499987,40.843502807000085],[-73.83384549202242,40.8435162133342],[-73.83582911399996,40.84347129500006],[-73.83474813499987,40.843502807000085]],[[-73.82611300699996,40.845338694000105],[-73.82624132999996,40.842993594000106],[-73.82580705599993,40.842880693000055],[-73.82611300699996,40.845338694000105]],[[-73.82567803799994,40.84284715200009],[-73.82558155599993,40.84281865900016],[-73.82580705599993,40.842880693000055],[-73.82567803799994,40.84284715200009]],[[-73.91329746900003,40.862089628000106],[-73.91295585399997,40.86191313600013],[-73.91337922795994,40.86211978355088],[-73.91329746900003,40.862089628000106]],[[-73.90939703499993,40.8625677720001],[-73.909397036,40.86256777200006],[-73.90948087814738,40.86253039193176],[-73.90939703499993,40.8625677720001]],[[-73.90085477099996,40.855937440000055],[-73.90085477199993,40.85593744000009],[-73.90116590999993,40.85549567500012],[-73.90085477099996,40.855937440000055]],[[-73.88377755799993,40.848682184000104],[-73.88377755699985,40.848682184000076],[-73.88480193499986,40.84930945900005],[-73.88377755799993,40.848682184000104]],[[-73.87471801499991,40.83731259600009],[-73.87471801599999,40.837312596000146],[-73.87454332199995,40.8372613380001],[-73.87471801499991,40.83731259600009]],[[-73.87469588499981,40.83708331500006],[-73.87470145099985,40.83716231100007],[-73.87469588505387,40.837083314764975],[-73.87469588499981,40.83708331500006]],[[-73.88719405099995,40.82259352800005],[-73.88719405099981,40.82259352900013],[-73.88753429599986,40.82250933900014],[-73.88719405099995,40.82259352800005]],[[-73.92861034599984,40.8292809100001],[-73.92875620599996,40.82918583500005],[-73.92850073899987,40.829352350000164],[-73.92861034599984,40.8292809100001]],[[-73.92781180199987,40.829918522000085],[-73.92781189699987,40.82991843200013],[-73.92781170699992,40.82991862000009],[-73.92781180199987,40.829918522000085]],[[-73.92726316799988,40.830564867000106],[-73.9268058709999,40.8310355670001],[-73.92642918799987,40.83142328400005],[-73.92726316799988,40.830564867000106]],[[-73.92439355099992,40.834484028000155],[-73.92502907499991,40.8332725840001],[-73.92414918399993,40.83482856700011],[-73.92439355099992,40.834484028000155]],[[-73.92340016399989,40.83543276400009],[-73.92399049499991,40.83505229800008],[-73.92237223199994,40.83610874300013],[-73.92340016399989,40.83543276400009]],[[-73.91754763699991,40.843597026000126],[-73.91762366200004,40.8434593210001],[-73.91749203599986,40.843740262000125],[-73.91754763699991,40.843597026000126]],[[-73.91684309399992,40.845070779000096],[-73.91689747599987,40.84511773400011],[-73.91611927099989,40.844855793000164],[-73.91684309399992,40.845070779000096]],[[-73.91929142000006,40.822770177000066],[-73.91894597199995,40.82299267300011],[-73.91888836899983,40.82302977400011],[-73.91929142000006,40.822770177000066]],[[-73.89678082699997,40.834126790000106],[-73.89697220299995,40.834345254000084],[-73.8963019999999,40.83354321800009],[-73.89678082699997,40.834126790000106]],[[-73.8981505179999,40.81336635500008],[-73.89815051799985,40.81336635400006],[-73.89786486599994,40.81356667000007],[-73.8981505179999,40.81336635500008]],[[-73.89708341799987,40.81422434700009],[-73.89708341799985,40.814224346000096],[-73.89685073199996,40.81446016800006],[-73.89708341799987,40.81422434700009]],[[-73.89820469299998,40.82788910900015],[-73.89760375001573,40.827969782417036],[-73.89932566999991,40.82774501800007],[-73.89820469299998,40.82788910900015]],[[-73.90538357999992,40.83976898300009],[-73.90538358099985,40.83976898300009],[-73.90597940399996,40.83850519600004],[-73.90538357999992,40.83976898300009]],[[-73.90038944699995,40.836906231000135],[-73.9003894469999,40.83690623000013],[-73.90035730100003,40.836963318000116],[-73.90038944699995,40.836906231000135]],[[-73.89527784899985,40.84287986100008],[-73.894847588,40.84364636300013],[-73.89537836199995,40.84293877900015],[-73.89527784899985,40.84287986100008]],[[-73.89484862799985,40.842628260000126],[-73.89484862699986,40.84262826000007],[-73.89509807299986,40.84277448100006],[-73.89484862799985,40.842628260000126]],[[-73.88869040799986,40.83915802600007],[-73.89017468599997,40.83987366800009],[-73.8921681559998,40.8410496400001],[-73.88869040799986,40.83915802600007]],[[-73.88618432099993,40.84010504500009],[-73.88618432099992,40.84010504400007],[-73.88583496499986,40.83989692700011],[-73.88618432099993,40.84010504500009]],[[-73.87823856699993,40.839985918000096],[-73.87823856799989,40.83998591800004],[-73.87791380399995,40.8399703280001],[-73.87823856699993,40.839985918000096]],[[-73.90107505699997,40.84490497900006],[-73.90126635699991,40.84456221800011],[-73.90088731499989,40.84524136000012],[-73.90107505699997,40.84490497900006]],[[-73.89407259042436,40.8507131892188],[-73.89494627999981,40.849104853000064],[-73.89407258999995,40.85071318900011],[-73.89407259042436,40.8507131892188]],[[-73.89398467599996,40.844703959000086],[-73.89398467499994,40.84470395900015],[-73.89290102299995,40.84626833000011],[-73.89398467599996,40.844703959000086]],[[-73.9147938479999,40.845164997000104],[-73.91479384899988,40.845164997000104],[-73.9156148529999,40.84514655600007],[-73.9147938479999,40.845164997000104]],[[-73.91360819800002,40.84594143900009],[-73.91360819899985,40.84594143900009],[-73.9137516889998,40.845735540000135],[-73.91360819800002,40.84594143900009]],[[-73.9116799109998,40.84863951900014],[-73.91167991199987,40.84863951900009],[-73.91197263799982,40.848229595000106],[-73.9116799109998,40.84863951900014]],[[-73.89656060499982,40.868565200000106],[-73.89656060599998,40.86856520000013],[-73.8974032329998,40.86747419000009],[-73.89656060499982,40.868565200000106]],[[-73.89431825299994,40.86615392700008],[-73.89431825299997,40.8661539260001],[-73.89408697099991,40.86645343300015],[-73.89431825299994,40.86615392700008]],[[-73.89300269999988,40.867881068000074],[-73.8930026989999,40.867881068000074],[-73.89243509099991,40.86862059800013],[-73.89300269999988,40.867881068000074]],[[-73.89221258799988,40.86891550000012],[-73.8919171829999,40.86930211000007],[-73.89243509099991,40.86862059800013],[-73.89221258799988,40.86891550000012]],[[-73.89157400099988,40.86968425300014],[-73.89157400099995,40.86968425200016],[-73.89138946999998,40.869850994000096],[-73.89157400099988,40.86968425300014]],[[-73.90351390500003,40.86091751000005],[-73.90351390517604,40.86091750971167],[-73.90254479399998,40.86057825500007],[-73.90351390500003,40.86091751000005]],[[-73.90136090399993,40.862408864000095],[-73.90107966999994,40.86275638300011],[-73.90162785099997,40.86205443400016],[-73.90136090399993,40.862408864000095]],[[-73.89114803099996,40.862476138000126],[-73.8917325659999,40.8619098150001],[-73.89065392999989,40.86295483400012],[-73.89114803099996,40.862476138000126]],[[-73.8868331699999,40.86538999300009],[-73.88593703500003,40.86592439800013],[-73.8881227879999,40.86425457100008],[-73.8868331699999,40.86538999300009]],[[-73.91869590499982,40.886885203000084],[-73.91866590399985,40.886666535000096],[-73.920398527,40.88712930500004],[-73.91869590499982,40.886885203000084]],[[-73.91876151477545,40.88556968493978],[-73.9187356686781,40.88567785380447],[-73.91876151499994,40.885569685000085],[-73.91876151477545,40.88556968493978]],[[-73.91393522099992,40.885381398000085],[-73.91440838499985,40.8849988980001],[-73.91347365499988,40.88577197100011],[-73.91393522099992,40.885381398000085]],[[-73.91302404599978,40.886170323000044],[-73.91281277499982,40.88639518700007],[-73.91347365499988,40.88577197100011],[-73.91302404599978,40.886170323000044]],[[-73.90180553899997,40.889143420000124],[-73.90167746699991,40.88911356800006],[-73.90181706258123,40.88914451394482],[-73.90180553899997,40.889143420000124]],[[-73.90126187999986,40.88892096800013],[-73.90114449999989,40.88889868000011],[-73.90136756999983,40.88895950000013],[-73.90126187999986,40.88892096800013]],[[-73.89834896199993,40.89044499700009],[-73.89834896215946,40.89044499697177],[-73.89828904299992,40.890442981000106],[-73.89834896199993,40.89044499700009]],[[-73.88365759199986,40.82827878600006],[-73.88378414099992,40.82827429200013],[-73.88295104599977,40.82830386600007],[-73.88365759199986,40.82827878600006]],[[-73.88198096599997,40.82835598000005],[-73.88104510399991,40.82843181300017],[-73.88295104599977,40.82830386600007],[-73.88198096599997,40.82835598000005]],[[-73.87640134499988,40.82897729500016],[-73.876401345,40.82897729400008],[-73.87550702499989,40.82923413500005],[-73.87640134499988,40.82897729500016]],[[-73.85621834399984,40.82616062900015],[-73.85621834499996,40.82616062900011],[-73.85619656499995,40.826040995000035],[-73.85621834399984,40.82616062900015]],[[-73.85513639699997,40.82243618900005],[-73.85360704969877,40.82264176383401],[-73.85513639703026,40.82243618913038],[-73.85513639699997,40.82243618900005]],[[-73.84370821,40.82843879900009],[-73.84390624999996,40.82840783000014],[-73.84390624977404,40.828407829035484],[-73.84370821,40.82843879900009]],[[-73.86840249499991,40.82510980800012],[-73.86787899199994,40.82517772000007],[-73.86849386399992,40.82509795600008],[-73.86840249499991,40.82510980800012]],[[-73.86761742399982,40.82521337700012],[-73.86779104499986,40.82518945100007],[-73.86753174,40.8252255700001],[-73.86761742399982,40.82521337700012]],[[-73.86529634199991,40.825541318000056],[-73.86490949499988,40.8255959550001],[-73.86538050299997,40.82552943100012],[-73.86529634199991,40.825541318000056]],[[-73.86446141899997,40.82565627800008],[-73.86406913799999,40.82570909000006],[-73.86455514499985,40.82564366000005],[-73.86446141899997,40.82565627800008]],[[-73.86395604399995,40.82572431500009],[-73.86361696799989,40.8257699620001],[-73.86406913799999,40.82570909000006],[-73.86395604399995,40.82572431500009]],[[-73.85700204899983,40.82665967700011],[-73.85727871200001,40.82659962500009],[-73.85867194099998,40.82642407700015],[-73.85970333299981,40.82627734900007],[-73.86120690899979,40.826087795000085],[-73.86216687599976,40.82596516300012],[-73.85700204899983,40.82665967700011]],[[-73.83747911899988,40.828928101000116],[-73.8403229479999,40.828823951000125],[-73.8370906139999,40.82896714700014],[-73.83747911899988,40.828928101000116]],[[-73.82785470899994,40.8497359230001],[-73.82785470799985,40.8497359230001],[-73.82776655799988,40.85000758700009],[-73.82785470899994,40.8497359230001]],[[-73.82799320299986,40.848903154000055],[-73.82799320199993,40.84890315400008],[-73.82796831299994,40.849182306000095],[-73.82799320299986,40.848903154000055]],[[-73.803286821,40.885415553000115],[-73.79937520399986,40.88435197000015],[-73.80220388299996,40.885121115000096],[-73.803286821,40.885415553000115]],[[-73.80635884999995,40.88594566000008],[-73.80635884999995,40.88594565900009],[-73.80614087499991,40.88596541000005],[-73.80635884999995,40.88594566000008]],[[-73.82091617199997,40.86891693400009],[-73.8209161719998,40.86891693500015],[-73.82097601199978,40.868949787000155],[-73.82091617199997,40.86891693400009]],[[-73.81938761399987,40.867986902000055],[-73.81578764099999,40.86575806100009],[-73.81940759199995,40.867999271000066],[-73.81938761399987,40.867986902000055]],[[-73.87991019699996,40.86836304100009],[-73.87981206299987,40.86841664800008],[-73.87772752999979,40.86955533800015],[-73.87991019699996,40.86836304100009]],[[-73.87619224999979,40.87047671100005],[-73.87694351999987,40.86995468200012],[-73.87518802799977,40.87157682800014],[-73.87619224999979,40.87047671100005]],[[-73.86996807399987,40.878264352000095],[-73.87005983899994,40.87829031700011],[-73.86978338299986,40.87821297800011],[-73.86996807399987,40.878264352000095]],[[-73.86950315999994,40.878145665000076],[-73.86943471300005,40.878129199000135],[-73.86978338299986,40.87821297800011],[-73.86950315999994,40.878145665000076]],[[-73.87030212599987,40.87593016500014],[-73.8703168469999,40.87573572300006],[-73.87026287199993,40.876122636000105],[-73.87030212599987,40.87593016500014]],[[-73.84122362499986,40.867858151000114],[-73.84138547489657,40.86794413980918],[-73.84102416678145,40.86775361213436],[-73.84122362499986,40.867858151000114]],[[-73.83974233299986,40.867087931000086],[-73.84004960376154,40.86724688156439],[-73.83954475699979,40.86698673800007],[-73.83974233299986,40.867087931000086]],[[-73.83784380099986,40.86609918800011],[-73.83875223499997,40.86657277700013],[-73.83697021099982,40.8656431360001],[-73.83784380099986,40.86609918800011]],[[-73.86853091299999,40.85177675600009],[-73.86853091299994,40.851776757000124],[-73.86860515599989,40.85206864600009],[-73.86853091299999,40.85177675600009]],[[-73.86564157999992,40.85788154600011],[-73.8656415789999,40.85788154600005],[-73.86467028199996,40.85790523700016],[-73.86564157999992,40.85788154600011]],[[-73.86326398600002,40.8579431760001],[-73.86395713499984,40.857924479000154],[-73.86455073499997,40.857908463000136],[-73.86326398600002,40.8579431760001]],[[-73.8566377469999,40.858119172000094],[-73.85663774599989,40.858119172000116],[-73.85601437899996,40.85815818000009],[-73.8566377469999,40.858119172000094]],[[-73.84930893420592,40.85871750298731],[-73.84930893499991,40.858717503000115],[-73.85028234799984,40.85865726600014],[-73.84930893420592,40.85871750298731]],[[-73.84097144699983,40.857949079000115],[-73.8409714479999,40.85794907900005],[-73.84004614299985,40.85780626900006],[-73.84097144699983,40.857949079000115]],[[-73.86119240799994,40.8486034680001],[-73.86119240899995,40.84860346800012],[-73.86160276499992,40.84854631200015],[-73.86119240799994,40.8486034680001]],[[-73.86069456599994,40.84875339400013],[-73.86045834099978,40.84885014600012],[-73.86094001199987,40.84867093500009],[-73.86069456599994,40.84875339400013]],[[-73.84502303799998,40.849434961000114],[-73.84505506699995,40.84894656000009],[-73.84505506698375,40.84894655976098],[-73.84502303799998,40.849434961000114]],[[-73.83175316499981,40.8659067680001],[-73.83255828799996,40.86728777300011],[-73.83312947400005,40.86826747400011],[-73.83175316499981,40.8659067680001]],[[-73.83481793799996,40.86778172200008],[-73.8339124609999,40.868075989000076],[-73.83565766499987,40.86751275600012],[-73.83481793799996,40.86778172200008]],[[-73.83621837399981,40.882393013000126],[-73.83664134299984,40.88212002500012],[-73.83560954999997,40.88294527900012],[-73.83621837399981,40.882393013000126]],[[-73.86330852999983,40.89529484900006],[-73.86330852999994,40.89529484800013],[-73.86287533299995,40.8951540300001],[-73.86330852999983,40.89529484900006]],[[-73.83998563399987,40.88871867200009],[-73.84105278699985,40.88855346700007],[-73.84196149599987,40.888455967000084],[-73.83998563399987,40.88871867200009]],[[-73.87084076999994,40.88043889400014],[-73.87084077076456,40.88043889391793],[-73.87024100099985,40.88022935300013],[-73.87084076999994,40.88043889400014]],[[-73.88683486699986,40.884342026000134],[-73.88662412999999,40.88426730300011],[-73.88684681586692,40.88434376553504],[-73.88683486699986,40.884342026000134]],[[-73.88437887899987,40.88324759800011],[-73.88421696399995,40.88319772800009],[-73.88437905799985,40.88324765100008],[-73.88437887899987,40.88324759800011]],[[-73.88386374749936,40.883151385027055],[-73.88386391399983,40.88315139400004],[-73.8838637479999,40.883151385000076],[-73.88386374749936,40.883151385027055]],[[-73.882086237,40.8831322210001],[-73.88124422499992,40.882709633000104],[-73.88274833399998,40.88339738700014],[-73.882086237,40.8831322210001]],[[-73.87760676499983,40.88452304400009],[-73.87799008999986,40.8870503590001],[-73.87772817699982,40.88345419500014],[-73.87760676499983,40.88452304400009]],[[-73.86893508399992,40.878589296000044],[-73.86884613499979,40.87858635700014],[-73.86884613498377,40.87858635703261],[-73.86893508399992,40.878589296000044]],[[-73.86627001699988,40.88502739000009],[-73.86627001699995,40.88502738900013],[-73.86627001569241,40.88502737930247],[-73.86627001699988,40.88502739000009]]],[[[-73.88839250519672,40.79856629727011],[-73.87288457445655,40.79145210820733],[-73.87080888583708,40.7878966918417],[-73.88905212421602,40.78737256012918],[-73.89282283610926,40.79281708195166],[-73.88839250519672,40.79856629727011]]],[[[-73.78931223606624,40.83446488655362],[-73.78845700015209,40.835309914315594],[-73.78833349834521,40.834667129759545],[-73.78931223606624,40.83446488655362]]],[[[-73.80680801372397,40.84248913998772],[-73.8022229535527,40.84163481314428],[-73.80694608641589,40.84146244718658],[-73.80680801372397,40.84248913998772]]],[[[-73.78972202672374,40.85856245340891],[-73.780403269586,40.846931134166276],[-73.78282260139727,40.836338155888036],[-73.79179343625451,40.846731672329476],[-73.78972202672374,40.85856245340891]]],[[[-73.76533243995276,40.85504359512505],[-73.76789492672636,40.84528943351981],[-73.77118378010564,40.84694451331238],[-73.77296356611284,40.85215925395882],[-73.77219223055407,40.85998663859717],[-73.76533243995276,40.85504359512505]]],[[[-73.78061730829718,40.85573517581021],[-73.7815638969994,40.8550012864341],[-73.78122782332017,40.85608778916297],[-73.78061730829718,40.85573517581021]]],[[[-73.78283291447852,40.85587030844592],[-73.78394699722006,40.85563043752682],[-73.78343487501385,40.856362865959085],[-73.78283291447852,40.85587030844592]]],[[[-73.78685886773299,40.86004505783974],[-73.78519664387112,40.85882702363759],[-73.78743186194176,40.85893524561462],[-73.78685886773299,40.86004505783974]]],[[[-73.77323150244695,40.86074716979358],[-73.77310632921936,40.861614575032974],[-73.77290231992438,40.861208583278724],[-73.77323150244695,40.86074716979358]]],[[[-73.77485681624742,40.86198363433446],[-73.77512255323983,40.86118805452003],[-73.77529297955125,40.86123200821607],[-73.77485681624742,40.86198363433446]]],[[[-73.78328053505923,40.862780706712776],[-73.78289032081526,40.86231719372564],[-73.7831450428813,40.862068678905736],[-73.78328053505923,40.862780706712776]]],[[[-73.7842865050008,40.86320508878067],[-73.78379307646343,40.86258942357078],[-73.78469165850701,40.8625427899084],[-73.7842865050008,40.86320508878067]]],[[[-73.76979148260493,40.86512823356464],[-73.770068972998,40.86552587618361],[-73.76964988627088,40.86548557242462],[-73.76979148260493,40.86512823356464]]],[[[-73.76709907439783,40.866704572748404],[-73.76760072096499,40.867496386541625],[-73.76668965841924,40.867097781624686],[-73.76709907439783,40.866704572748404]]],[[[-73.77217786492288,40.87198111068957],[-73.77109611675694,40.87069300521922],[-73.77288042665229,40.87124526343044],[-73.77217786492288,40.87198111068957]]],[[[-73.786499866474,40.873481618607585],[-73.78662489062734,40.87303464803462],[-73.78672689095349,40.87307453926587],[-73.786499866474,40.873481618607585]]],[[[-73.78605394964902,40.873782646193],[-73.78633325996694,40.87367772488764],[-73.7861946371647,40.87388531941486],[-73.78605394964902,40.873782646193]]],[[[-73.7744796961532,40.87407767028616],[-73.77409538292126,40.87489618448032],[-73.77397610935063,40.874599401921515],[-73.7744796961532,40.87407767028616]]],[[[-73.78241811865315,40.87492327042197],[-73.78280207510406,40.87494886620559],[-73.78247604125525,40.87516813337905],[-73.78241811865315,40.87492327042197]]],[[[-73.78132704118002,40.876361326546544],[-73.78103351104939,40.87648400204795],[-73.78120649649391,40.87628502546031],[-73.78132704118002,40.876361326546544]]],[[[-73.787127834652,40.880923463171456],[-73.78684884910366,40.88044811129214],[-73.78742039384403,40.87977089029018],[-73.787127834652,40.880923463171456]]]]}},{"type":"Feature","properties":{"name":"staten_island","bbox":[-74.25559,40.49616,-74.05223,40.64888]},"geometry":{"type":"MultiPolygon","coordinates":[[[[-74.15616811130214,40.52859614860092],[-74.24784925733391,40.49616136327747],[-74.25559136315209,40.507712950729264],[-74.23991937852388,40.52004699653014],[-74.24618422383882,40.54563362585448],[-74.2287242997478,40.55629701713939],[-74.21859325782798,40.554674210247974],[-74.2056960519999,40.55851600600006],[-74.21324031454323,40.55667262386926],[-74.204646089432,40.589285745466064],[-74.19751357718701,40.59679898603698],[-74.20281628374593,40.60827082796753],[-74.20078729983089,40.63034627446802],[-74.19462310145185,40.637391183563864],[-74.17996507274022,40.64526698230315],[-74.15279703511403,40.63713275485273],[-74.08570754378212,40.648880553370645],[-74.07165829759784,40.64503374643521],[-74.0729847461233,40.63030897898161],[-74.06802173543946,40.62878758518561],[-74.07291177936548,40.62999637940672],[-74.07225500955778,40.624608750194135],[-74.05222826954189,40.599776102303835],[-74.0733560566966,40.57828029279285],[-74.13618848993337,40.52962079668747],[-74.1405860719319,40.534699936841186],[-74.1279872852721,40.54071097748325],[-74.13177588719115,40.54658526949459],[-74.15616811130214,40.52859614860092]],[[-74.13047428999985,40.630885509000095],[-74.13014141499997,40.62996520900011],[-74.13060220399994,40.63135782700006],[-74.13047428999985,40.630885509000095]],[[-74.13024789099997,40.62960913000011],[-74.13030003032488,40.62946653174305],[-74.13014141499997,40.62996520900011],[-74.13024789099997,40.62960913000011]],[[-74.13056374599995,40.62870773000008],[-74.13099290799993,40.62737411000011],[-74.1313098529999,40.62632834300017],[-74.13056374599995,40.62870773000008]],[[-74.13069767299993,40.626340956000085],[-74.13007946899988,40.62641859600016],[-74.1313098529999,40.62632834300017],[-74.13069767299993,40.626340956000085]],[[-74.09519027099996,40.61059466300007],[-74.09482489099999,40.61054805700015],[-74.09555829799993,40.61062477800008],[-74.09519027099996,40.61059466300007]],[[-74.10041498999992,40.5933430930001],[-74.10006671900001,40.5936402710001],[-74.09979588999995,40.5938713660001],[-74.10041498999992,40.5933430930001]],[[-74.1025675829999,40.588301541000135],[-74.10269589852165,40.58818571503704],[-74.10246256599999,40.58839633600012],[-74.1025675829999,40.588301541000135]],[[-74.10924835599995,40.582678413000096],[-74.11028714299995,40.582198748000124],[-74.10790851599995,40.58368563800012],[-74.10924835599995,40.582678413000096]],[[-74.11588397299995,40.57838369500006],[-74.11595279755628,40.57837226333699],[-74.11575021599991,40.578423633000114],[-74.11588397299995,40.57838369500006]],[[-74.12264375299995,40.57548302000008],[-74.12276057999999,40.575566626000146],[-74.12209602099993,40.57513258700007],[-74.12264375299995,40.57548302000008]],[[-74.12289120499989,40.57564050000015],[-74.12289127699994,40.57564054600013],[-74.12276083999994,40.57556678800009],[-74.12289120499989,40.57564050000015]],[[-74.12303304099993,40.57570264700012],[-74.12303319599995,40.575702719000105],[-74.12289135999994,40.575640581000094],[-74.12303304099993,40.57570264700012]],[[-74.1234975639999,40.57580793400014],[-74.12408417799992,40.57583402000012],[-74.12333972999994,40.5757870120001],[-74.1234975639999,40.57580793400014]],[[-74.12708814699995,40.576369106000136],[-74.12708814705046,40.57636910581481],[-74.12665688899989,40.57628493300012],[-74.12708814699995,40.576369106000136]],[[-74.13227350399993,40.57362850200014],[-74.13261022999991,40.5735301630001],[-74.13194427599997,40.57373938300005],[-74.13227350399993,40.57362850200014]],[[-74.14024008799997,40.57252737200005],[-74.14110631299992,40.572422553000095],[-74.13935300685797,40.57263363574682],[-74.14024008799997,40.57252737200005]],[[-74.14402153299991,40.570330120000094],[-74.14438744999991,40.56970610100012],[-74.14387453599991,40.5706065940001],[-74.14402153299991,40.570330120000094]],[[-74.13367116399996,40.5618409340001],[-74.13396833899998,40.561586993000084],[-74.13340740099986,40.5621298060001],[-74.13367116399996,40.5618409340001]],[[-74.13574932499998,40.55885004500007],[-74.13660029399993,40.55838893900013],[-74.13561300299993,40.558980027000146],[-74.13574932499998,40.55885004500007]],[[-74.13436896499996,40.55330608000006],[-74.13376761399991,40.55281510300014],[-74.13498726199998,40.55381088400005],[-74.13436896499996,40.55330608000006]],[[-74.13316825999992,40.552356179000135],[-74.13316825955152,40.55235617936591],[-74.13321002499998,40.55238387600013],[-74.13316825999992,40.552356179000135]],[[-74.11458035199992,40.549276466000066],[-74.11444772299996,40.54916945000014],[-74.11495831999993,40.54958143900009],[-74.11458035199992,40.549276466000066]],[[-74.20528110599997,40.5800070680001],[-74.20523194099997,40.58001050700014],[-74.20530449199997,40.580000847000086],[-74.20528110599997,40.5800070680001]],[[-74.20512751299994,40.5800157670001],[-74.20503316769675,40.580034065197694],[-74.20520746099992,40.580007634000104],[-74.20512751299994,40.5800157670001]],[[-74.20354150599995,40.58043609800007],[-74.20354150699988,40.580436098000156],[-74.20356291499995,40.5804341540001],[-74.20354150599995,40.58043609800007]],[[-74.20337531999998,40.58040201700005],[-74.20337531899993,40.58040201700011],[-74.20343081399989,40.58041929400011],[-74.20337531999998,40.58040201700005]],[[-74.20240475299995,40.58025713100008],[-74.20240475199986,40.58025713100008],[-74.20251156099994,40.580279917000105],[-74.20240475299995,40.58025713100008]],[[-74.20148133599993,40.58004855600014],[-74.20148133499991,40.58004855600014],[-74.20151137530057,40.580065453458666],[-74.20148133599993,40.58004855600014]],[[-74.20073234099989,40.5799105680001],[-74.20079777140475,40.57990482705235],[-74.20079777099993,40.57990482700009],[-74.20073234099989,40.5799105680001]],[[-74.2005382919999,40.57996684600009],[-74.20054738077334,40.57996662450599],[-74.20053829191967,40.5799668459777],[-74.2005382919999,40.57996684600009]],[[-74.19964981299998,40.5822626260001],[-74.2004884888738,40.57994977834799],[-74.20048848799996,40.57994977800009],[-74.19964981299998,40.5822626260001]],[[-74.19423261318313,40.58514680590253],[-74.1942326139999,40.5851468060001],[-74.19964981299998,40.5822626260001],[-74.19423261318313,40.58514680590253]],[[-74.193324197556,40.58503828106651],[-74.1937784828628,40.58509255368435],[-74.19332419799998,40.585038281000074],[-74.193324197556,40.58503828106651]],[[-74.19226048399997,40.58520696900015],[-74.19226048499998,40.585206969000104],[-74.1923211319999,40.584913242000106],[-74.19226048399997,40.58520696900015]],[[-74.185518287,40.58743794300012],[-74.18551828799991,40.587437943000154],[-74.18566449699989,40.58741932800012],[-74.185518287,40.58743794300012]],[[-74.1803101799999,40.59571090000009],[-74.17932277499995,40.59676057900003],[-74.18090971522037,40.59507353365793],[-74.1803101799999,40.59571090000009]],[[-74.17822457199992,40.59982806100011],[-74.17702598557212,40.60067750876575],[-74.17932277499995,40.59676057900003],[-74.17822457199992,40.59982806100011]],[[-74.17488959399996,40.602216573000106],[-74.17488959499995,40.60221657300015],[-74.17535856047837,40.60187170472907],[-74.17488959399996,40.602216573000106]],[[-74.1712268479999,40.60249861200003],[-74.17122684699991,40.60249861200006],[-74.17137383640481,40.6025290614169],[-74.1712268479999,40.60249861200003]],[[-74.16900518100002,40.602273374000085],[-74.16900518099992,40.60227337500007],[-74.17062978699994,40.602431312000164],[-74.16900518100002,40.602273374000085]],[[-74.16778450099996,40.594185665000126],[-74.167784501,40.59418566600012],[-74.16850263079176,40.59454663593492],[-74.16778450099996,40.594185665000126]],[[-74.16369888158059,40.5922583399058],[-74.16366596253657,40.59232943300165],[-74.16369888299994,40.592258339000104],[-74.16369888158059,40.5922583399058]],[[-74.1665588039999,40.59002054200014],[-74.16655880399993,40.590020541000065],[-74.16636076474819,40.5902021407126],[-74.1665588039999,40.59002054200014]],[[-74.16974893399991,40.570236484000105],[-74.16974893299987,40.57023648400013],[-74.16983467899996,40.570879487000134],[-74.16974893399991,40.570236484000105]],[[-74.20628234897323,40.557556927589914],[-74.20671355399996,40.55757693600004],[-74.2067135544427,40.55757693598539],[-74.20628234897323,40.557556927589914]],[[-74.20530543999998,40.5573686220001],[-74.20557588399996,40.55744359300012],[-74.20525293217688,40.55735042365789],[-74.20530543999998,40.5573686220001]],[[-74.20492823999997,40.557205490000136],[-74.20506288299997,40.55727787600011],[-74.20434680315833,40.556843222735374],[-74.20492823999997,40.557205490000136]],[[-74.2038442639999,40.556485728000084],[-74.20391438243081,40.55655160652171],[-74.20369556299995,40.556346017000116],[-74.2038442639999,40.556485728000084]],[[-74.20291038499992,40.55494466700009],[-74.2032648999999,40.555628477000106],[-74.20262828599995,40.55434351200015],[-74.20291038499992,40.55494466700009]],[[-74.17815548499992,40.55211279000007],[-74.17874485199994,40.5509958690001],[-74.17746276899993,40.553411146000045],[-74.17815548499992,40.55211279000007]],[[-74.16900167899992,40.55697216800012],[-74.1691669539999,40.55770084700004],[-74.16884272899996,40.556269107000105],[-74.16900167899992,40.55697216800012]],[[-74.15553157299992,40.532630833000084],[-74.15528029948977,40.532895536165],[-74.15602014099987,40.532115094000105],[-74.15553157299992,40.532630833000084]],[[-74.21350175499995,40.55566761800007],[-74.21050789400002,40.55706418200013],[-74.21220034099993,40.55644343000007],[-74.213501756,40.55566761800006],[-74.21393657275881,40.55562784282326],[-74.21350175499995,40.55566761800007]],[[-74.21446306810115,40.55558919577769],[-74.21437138999993,40.55558806600006],[-74.21437138988097,40.55558806601094],[-74.21446306810115,40.55558919577769]],[[-74.21455413999996,40.55559031800012],[-74.21455418099991,40.5555903180001],[-74.21455413999561,40.55559031800008],[-74.21455413999996,40.55559031800012]],[[-74.21473791199993,40.555576143000074],[-74.21473791099994,40.55557614400004],[-74.21473802999996,40.55557613300006],[-74.21473791199993,40.555576143000074]],[[-74.21784397799998,40.55443271800008],[-74.21784397899994,40.5544327180001],[-74.21787855399997,40.55423566200012],[-74.21784397799998,40.55443271800008]],[[-74.21787055399989,40.55363617700007],[-74.2178705549999,40.553636177000094],[-74.21783047799995,40.55343868600008],[-74.21787055399989,40.55363617700007]],[[-74.21777232699998,40.55324488500008],[-74.21778377699997,40.553049188000145],[-74.21783047799995,40.55343868600008],[-74.21777232699998,40.55324488500008]],[[-74.22106803199995,40.55055473300017],[-74.22106803199998,40.55055473400014],[-74.2211486979999,40.5504896580001],[-74.22106803199995,40.55055473300017]],[[-74.22121805099987,40.55041642000011],[-74.2212741239999,40.550336849000125],[-74.2211486979999,40.5504896580001],[-74.22121805099987,40.55041642000011]],[[-74.22087751999999,40.54920399900008],[-74.22087752099993,40.54920399900009],[-74.22083496899992,40.549091740000094],[-74.22087751999999,40.54920399900008]],[[-74.22064536199997,40.5485915090001],[-74.22060624599999,40.54848652000007],[-74.22083496899992,40.549091740000094],[-74.22064536199997,40.5485915090001]],[[-74.21803946299991,40.54191336000011],[-74.21803946399996,40.541913360000144],[-74.21800676099997,40.541828521000134],[-74.21803946299991,40.54191336000011]],[[-74.21775655499991,40.540986794000126],[-74.21775655499991,40.54098679300011],[-74.21767785799992,40.540131547000094],[-74.21775655499991,40.540986794000126]],[[-74.21775551799986,40.53144884900014],[-74.21775551799992,40.5314488480001],[-74.21752355299995,40.53064379900011],[-74.21775551799986,40.53144884900014]],[[-74.21574341099989,40.52646400600007],[-74.21574341099993,40.52646400500012],[-74.21572663679491,40.52638206721288],[-74.21574341099989,40.52646400600007]],[[-74.21450845999988,40.52115498000013],[-74.21354593499994,40.52123571500014],[-74.21354593520891,40.52123571589871],[-74.21450845999988,40.52115498000013]],[[-74.22281984999994,40.518456466000146],[-74.22281984999994,40.51845646700012],[-74.22295200699995,40.51840511400012],[-74.22281984999994,40.518456466000146]],[[-74.22597849399989,40.5187901850001],[-74.2256798289999,40.518561830000074],[-74.22549932099996,40.51850518800014],[-74.22597849399989,40.5187901850001]],[[-74.2265150859999,40.51905609000011],[-74.22651508599992,40.51905609100009],[-74.226710219,40.5191203000001],[-74.2265150859999,40.51905609000011]],[[-74.22690993299994,40.5191713980001],[-74.22690993296177,40.519171397734425],[-74.226710219,40.5191203000001],[-74.22690993299994,40.5191713980001]],[[-74.22290251432092,40.50893653971533],[-74.22290251399993,40.508936540000086],[-74.22663407199991,40.51725101000015],[-74.22290251432092,40.50893653971533]],[[-74.20730165099995,40.52528242200009],[-74.20768024599988,40.525237493000155],[-74.20674433099995,40.525345536000046],[-74.20730165099995,40.52528242200009]],[[-74.13861798499991,40.548492384000085],[-74.13769731599992,40.5493835460001],[-74.13861839799995,40.54845247300009],[-74.13861798499991,40.548492384000085]],[[-74.20261207099998,40.555947706000104],[-74.20288252399993,40.55599829700005],[-74.20247541199996,40.55592731200009],[-74.20261207099998,40.555947706000104]],[[-74.19278405399993,40.562656325000106],[-74.19278405464985,40.56265632498387],[-74.192684759,40.562651717000136],[-74.19278405399993,40.562656325000106]],[[-74.19258646299993,40.56264005400008],[-74.19237007799995,40.5625885470001],[-74.192684759,40.562651717000136],[-74.19258646299993,40.56264005400008]],[[-74.18502077599994,40.5647047110001],[-74.18502052799994,40.56470486500014],[-74.18516072298395,40.56461147317016],[-74.18502077599994,40.5647047110001]],[[-74.1779454409999,40.56398336700012],[-74.1815955649999,40.56531796100007],[-74.18139492499988,40.56523797800011],[-74.17794544199997,40.56398336700013],[-74.17758036699996,40.56375544000007],[-74.1779454409999,40.56398336700012]],[[-74.17659366099997,40.5632413290001],[-74.17539949099991,40.56296466200011],[-74.17758036699996,40.56375544000007],[-74.17659366099997,40.5632413290001]],[[-74.14954343599997,40.60962717200006],[-74.148783295,40.60919998700011],[-74.14954343469381,40.60962717226605],[-74.14954343599997,40.60962717200006]],[[-74.14640703899988,40.61427315200015],[-74.14645944899996,40.61389142500009],[-74.14603562099998,40.617012777000156],[-74.14640703899988,40.61427315200015]],[[-74.14419491799998,40.61687026200016],[-74.14512419099998,40.616965979000085],[-74.14326214899995,40.616740239000116],[-74.14419491799998,40.61687026200016]],[[-74.14072587899987,40.61641455500007],[-74.14077942759938,40.616421040748556],[-74.13982184799993,40.61629982500006],[-74.14072587899987,40.61641455500007]],[[-74.13836666899986,40.6217371170001],[-74.1386127408766,40.62177287798214],[-74.13861274099999,40.62177287700013],[-74.13836666899986,40.6217371170001]],[[-74.1385045579999,40.622633798000074],[-74.13855863829271,40.62220342948583],[-74.13826358199992,40.62424377000014],[-74.1385045579999,40.622633798000074]],[[-74.13604609,40.62818801300006],[-74.13674237799992,40.62866253700007],[-74.13586108399996,40.62806152800011],[-74.13604609,40.62818801300006]],[[-74.13408698299992,40.62954168100006],[-74.13343731299992,40.62907434600009],[-74.13343731253265,40.62907434638325],[-74.13408698299992,40.62954168100006]],[[-74.13107460299986,40.63114773000009],[-74.13161834499988,40.63058368900007],[-74.13059499799988,40.63088028300009],[-74.13107460299986,40.63114773000009]],[[-74.10778645199997,40.61023505700014],[-74.10885268299998,40.61025010900011],[-74.10834417899996,40.61023476700016],[-74.10778645199997,40.61023505700014]],[[-74.10549388999988,40.61034361800008],[-74.10549388999996,40.61034361700014],[-74.10429401399988,40.61038320200012],[-74.10549388999988,40.61034361800008]],[[-74.10003616599987,40.61053628200012],[-74.10138596799993,40.610485808000114],[-74.101654781,40.61047575400005],[-74.10003616599987,40.61053628200012]],[[-74.1623107339999,40.59360803400014],[-74.16231073399989,40.59360803300007],[-74.16226976681614,40.59368780159539],[-74.1623107339999,40.59360803400014]],[[-74.15235208199991,40.59093696200014],[-74.152352083,40.59093696200009],[-74.152162103,40.590836193000044],[-74.15235208199991,40.59093696200014]],[[-74.14972777099995,40.58949250400008],[-74.1497277719999,40.58949250400009],[-74.14869312199986,40.588842354000086],[-74.14972777099995,40.58949250400008]],[[-74.14168277499992,40.58874118500015],[-74.14168277399988,40.58874118500009],[-74.13864458599996,40.5890608050001],[-74.14168277499992,40.58874118500015]],[[-74.13728879499998,40.59078631500007],[-74.137288794,40.59078631500009],[-74.13704557999992,40.59107381800006],[-74.13728879499998,40.59078631500007]],[[-74.13544074099997,40.593816943000036],[-74.13544073999995,40.59381694300002],[-74.13510176799998,40.59453503300013],[-74.13544074099997,40.593816943000036]],[[-74.13205430899994,40.59781870600014],[-74.13205430799997,40.5978187060001],[-74.13123935899998,40.59830974900013],[-74.13205430899994,40.59781870600014]],[[-74.12545223499997,40.59813735000008],[-74.12545223419112,40.598137350021865],[-74.12714563699991,40.59833036200009],[-74.12545223499997,40.59813735000008]],[[-74.12322499799996,40.599096953000114],[-74.12322499699997,40.59909695300009],[-74.123185791,40.599195116000075],[-74.12322499799996,40.599096953000114]],[[-74.11487058499988,40.60213666000007],[-74.11487058399989,40.60213666000014],[-74.11511342599988,40.60253381700005],[-74.11487058499988,40.60213666000007]],[[-74.11738923899999,40.610833215000106],[-74.11993967899996,40.610146268000065],[-74.1204407989999,40.61001806700011],[-74.11738923899999,40.610833215000106]],[[-74.1156683379999,40.611175385000095],[-74.11566833799999,40.61117538400012],[-74.11508745399988,40.61120943100012],[-74.1156683379999,40.611175385000095]],[[-74.11425629899993,40.61119615000016],[-74.11425629899999,40.611196149000136],[-74.11392707099994,40.61117668300009],[-74.11425629899993,40.61119615000016]],[[-74.11113638099991,40.61058606000012],[-74.11295306899993,40.61103897300008],[-74.11327407999993,40.6110979380001],[-74.11113638099991,40.61058606000012]],[[-74.14800622599995,40.60885780800008],[-74.14773969799992,40.608754165000114],[-74.14826911999995,40.60896671000008],[-74.14800622599995,40.60885780800008]],[[-74.14746971699995,40.60865584900009],[-74.14719646699989,40.60856293000009],[-74.14773969799992,40.608754165000114],[-74.14746971699995,40.60865584900009]],[[-74.12983323699997,40.608303943000124],[-74.12874897499987,40.60839174100014],[-74.13094002299995,40.60821431200005],[-74.12983323699997,40.608303943000124]],[[-74.12350639099996,40.60923360200017],[-74.12326521999991,40.60929134800007],[-74.12398126100001,40.60913521900008],[-74.12350639099996,40.60923360200017]],[[-74.15299979066329,40.615169363217625],[-74.15321287899991,40.614385563000106],[-74.15311484199995,40.614746171000064],[-74.15299979066329,40.615169363217625]],[[-74.15205801099998,40.61753362000014],[-74.15183858099991,40.617823473000065],[-74.15219115799991,40.61735094500009],[-74.15205801099998,40.61753362000014]],[[-74.1513546609999,40.6183499980001],[-74.15093894399993,40.618774639000115],[-74.15165757899995,40.6180405580001],[-74.1513546609999,40.6183499980001]],[[-74.14825244599989,40.62152904600006],[-74.14818936799996,40.62160107900014],[-74.14831982299995,40.62144951600005],[-74.14825244599989,40.62152904600006]],[[-74.14365267799991,40.638484928000096],[-74.14365267699999,40.638484928000075],[-74.14359998299996,40.63851412600011],[-74.14365267799991,40.638484928000096]],[[-74.11471448499998,40.625811686000105],[-74.1147144859999,40.62581168600012],[-74.11407428699995,40.62458177000017],[-74.11471448499998,40.625811686000105]],[[-74.11475499199994,40.625889288000074],[-74.11503453399992,40.62642257600011],[-74.11473772799998,40.625856346000084],[-74.11475499199994,40.625889288000074]],[[-74.11524316499992,40.626826565000094],[-74.11526026599996,40.62685967800011],[-74.11503453399992,40.62642257600011],[-74.11524316499992,40.626826565000094]],[[-74.11544777599987,40.6272206180001],[-74.11544777599991,40.627220617000084],[-74.115275528,40.626889056000074],[-74.11544777599987,40.6272206180001]],[[-74.11588524899992,40.62808893700009],[-74.11595162399986,40.62823013400006],[-74.11560933499997,40.627548983000125],[-74.11588524899992,40.62808893700009]],[[-74.11634635499993,40.62983500400003],[-74.11634635499996,40.62983500300007],[-74.11618948699994,40.628941197000124],[-74.11634635499993,40.62983500400003]],[[-74.11752704599998,40.63666172500008],[-74.11752704599989,40.63666172400015],[-74.11751731899994,40.636532533000086],[-74.11752704599998,40.63666172500008]],[[-74.11765722499996,40.638062467000104],[-74.11765722490347,40.63806246601117],[-74.11709261399987,40.63812694700009],[-74.11765722499996,40.638062467000104]],[[-74.11197916199993,40.6376181760001],[-74.11279390199998,40.637530810000115],[-74.11174806399994,40.63764295500007],[-74.11197916199993,40.6376181760001]],[[-74.07530550099992,40.63772995900015],[-74.07530550099996,40.637729960000094],[-74.07601776799993,40.6377481050001],[-74.07530550099992,40.63772995900015]],[[-74.07496303999991,40.63777335000005],[-74.07486917499988,40.63779281000011],[-74.07506052899998,40.637748400000135],[-74.07496303999991,40.63777335000005]],[[-74.07373948699988,40.63786123400011],[-74.07373948799989,40.63786123400009],[-74.0737924064049,40.63785812823368],[-74.07373948699988,40.63786123400011]],[[-74.0784669379999,40.593300012000086],[-74.07888191647694,40.59394279119002],[-74.07888191699986,40.59394279100013],[-74.0784669379999,40.593300012000086]],[[-74.06580036040354,40.5897466095698],[-74.06580036099992,40.58974660900007],[-74.06572608543154,40.589693018270374],[-74.06580036040354,40.5897466095698]],[[-74.1227896719999,40.57042984500006],[-74.12278967299989,40.57042984500011],[-74.12345096199988,40.56992276100008],[-74.1227896719999,40.57042984500006]],[[-74.11636336299996,40.563915638000054],[-74.11546552899996,40.56480595800017],[-74.11636336362649,40.563915638370396],[-74.11636336299996,40.563915638000054]],[[-74.06350565794361,40.60215005527109],[-74.06367318899999,40.602198166000136],[-74.06350565699998,40.60215005400012],[-74.06350565794361,40.60215005527109]],[[-74.0651709129999,40.60421350800009],[-74.06046429699992,40.60640582400007],[-74.06042867199996,40.60635273000009],[-74.06046429699992,40.60640582500004],[-74.0651709129999,40.60421350800009]],[[-74.09158095999993,40.62654592300011],[-74.09395327099995,40.62433390700009],[-74.08941665299993,40.6298135520001],[-74.09158095999993,40.62654592300011]],[[-74.08075821999995,40.629494043000136],[-74.08140615399998,40.63030123600013],[-74.08201443099996,40.630891526000106],[-74.08173135399988,40.63001222600014],[-74.08075821999995,40.629494043000136]],[[-74.08037988899997,40.62826190100006],[-74.08037988999992,40.628261901000116],[-74.08045421199994,40.62818462100015],[-74.08037988899997,40.62826190100006]],[[-74.08061179799988,40.627820701000104],[-74.08061179899993,40.62782070100013],[-74.08061902199996,40.627724556000125],[-74.08061179799988,40.627820701000104]],[[-74.08222094199995,40.627452545000125],[-74.08222094299268,40.62745254499941],[-74.08202428299997,40.62743512500007],[-74.08222094199995,40.627452545000125]],[[-74.08306246799998,40.627312504000095],[-74.0830624689999,40.627312504000095],[-74.08326107499997,40.62719474300017],[-74.08306246799998,40.627312504000095]],[[-74.08362236699995,40.626922578000055],[-74.08362236799998,40.626922578000084],[-74.08378128799997,40.62677040000011],[-74.08362236699995,40.626922578000055]],[[-74.08404820999988,40.62644102100011],[-74.08404821100001,40.62644102100011],[-74.08415419899998,40.6262671150001],[-74.08404820999988,40.62644102100011]],[[-74.08496211899991,40.624625233000124],[-74.0852499159999,40.622800871000095],[-74.08415419899998,40.6262671150001],[-74.08496211899991,40.624625233000124]],[[-74.087413392,40.615929325000074],[-74.08741339199996,40.615929326000085],[-74.08769173799998,40.615535153000096],[-74.087413392,40.615929325000074]],[[-74.08628169099997,40.61397561800006],[-74.08628168999991,40.61397561800009],[-74.08617531899993,40.61406160700009],[-74.08628169099997,40.61397561800006]],[[-74.08404976899992,40.61562731400007],[-74.08404976799996,40.61562731400007],[-74.08379332799987,40.615809839000136],[-74.08404976899992,40.61562731400007]],[[-74.08379332799987,40.615809839000136],[-74.08323479899997,40.61621947700014],[-74.08274330499991,40.6165815710001],[-74.08323479999994,40.61621947700015],[-74.0833131969999,40.6161634260001],[-74.08379332799987,40.615809839000136]],[[-74.07805406299991,40.619585342000065],[-74.08000094999994,40.61855295200014],[-74.08110332499999,40.61778874500008],[-74.07805406299991,40.619585342000065]],[[-74.0753823519999,40.615809882000065],[-74.07538235299992,40.61580988100012],[-74.07620479299995,40.61441869000006],[-74.0753823519999,40.615809882000065]],[[-74.08069497999998,40.6073882610001],[-74.08069498099994,40.60738826100006],[-74.08129735699994,40.60661901600012],[-74.08069497999998,40.6073882610001]],[[-74.07551713899987,40.605997951000134],[-74.07551713999996,40.605997951000134],[-74.07543239699991,40.60598796700008],[-74.07551713899987,40.605997951000134]],[[-74.0747894209999,40.60587021200014],[-74.0744343483572,40.605805182098166],[-74.07543239699991,40.60598796700008],[-74.0747894209999,40.60587021200014]],[[-74.07358326699998,40.605621068000126],[-74.07358326599991,40.60562106700012],[-74.07335207399997,40.60556304400013],[-74.07358326699998,40.605621068000126]],[[-74.07268510599995,40.60538461300012],[-74.07172956199993,40.60505809100011],[-74.07206682799995,40.60518634800014],[-74.07242904799995,40.60530270300012],[-74.07268510599995,40.60538461300012]],[[-74.08280949799995,40.606410979000096],[-74.08341933399991,40.60652250900011],[-74.0815547009999,40.60629029700006],[-74.08280949799995,40.606410979000096]],[[-74.08874638699992,40.60837004600008],[-74.08796268699999,40.60805182800012],[-74.08949370099997,40.608686933000115],[-74.08874638699992,40.60837004600008]],[[-74.08542756299994,40.60702239000009],[-74.084900025,40.60689013200011],[-74.08635759599996,40.60740005900009],[-74.08542756299994,40.60702239000009]],[[-74.08406781699996,40.606681485000045],[-74.08355131599996,40.60655198600007],[-74.084900025,40.60689013200011],[-74.08406781699996,40.606681485000045]]],[[[-74.158810937453,40.64175863474047],[-74.16146036002637,40.64429496988258],[-74.15743349200979,40.64330285777918],[-74.158810937453,40.64175863474047]]]]}}]}